Workbook

Sheet EAI
A3: Detailed Module Concept - MSc Digital Business Administration
A4: EAI - Ethics in AI (3 ECTS)
A5: The detailed module concept serves as a comprehensive blueprint for structuring a module over the course of a semester. It defines the key learning goals, ensuring clear educational outcomes for students. It outlines the main content areas, providing a structured framework for effective knowledge delivery. Additionally, it specifies the responsibilities of lecturers, assigning which lecturer is responsible for delivering content in each learning cycle or on-campus session. The concept also includes the assignment structure, detailing assessments and learning activities for each phase of the module. This ensures consistency and alignment with course objectives.
A10: Explanation: | C10: Please describe the key learning goals in each LC and On-Campus session | D10: Please write a short summary of the main content in each LC and On-Campus session in bullet points | E10: Which didactic methods and teaching tools are used in each LC and On-Campus session? | F10: Please describe the assignment (if applicable) in bullet points | G10: Please choose assignment type from the drop-down menu | H10: Please select the grading percentage from the drop-down menu | I10: Please specify the lecturer responsible for each LC and On-Campus session
A12: Structural Elements | B12: Dates | C12: Learning Goals | D12: Main Content (bullet points) | E12: Didactics & Tools | F12: Description Assignment (bullet points) | G12: Assignment Type (drop down) | H12: Grading Percentage (drop down) | I12: Lecturer | J12: Comments
A13: CW 40 On-Campus 1 | B13: 07.10.-09.10. | C13: - Studierende kennen zentrale ethische Fragestellungen im Umgang mit KI | D13: - Bias, Fairness, Transparenz, Verantwortlichkeit | E13: - Vorlesung | I13: Prof. Chapuis
A14: CW 39-40 Learning Cycle 1 | B14: 27.09.-10.10. | D14: - Diskussion eines aktuellen KI-Ethik-Falls | E14: - Plenumsdiskussion | I14: Prof. Chapuis
A15: CW 41-42 Learning Cycle 2 | B15: 11.10.-24.10. | C15: - Studierende können Bias in einem Datensatz identifizieren | D15: - Bias-Erkennung an einem Beispieldatensatz | E15: - Hands-on-Übung | F15: - Kurzanalyse zu Bias-Quellen im Datensatz | G15: Pass/Fail | H15: 0 | I15: Prof. Chapuis
A16: CW 43 On-Campus 2 | B16: 28.10.-30.10.
A17: CW 44-45 Learning Cycle 3 | B17: 01.11.-14.11. | C17: - Studierende kennen regulatorische Rahmenwerke (u. a. EU AI Act) | D17: - EU AI Act im Überblick - Risikoklassen | E17: - Lesetext | I17: Prof. Chapuis
A18: CW 46-47 Learning Cycle 4 | B18: 15.11.-28.11.
A19: CW 48 On-Campus 3 | B19: 02.12.-04.12. | C19: - Studierende können ein KI-Ethik-Assessment durchführen | D19: - Anwendung Assessment-Raster auf ein Fallbeispiel | E19: - Gruppenarbeit | I19: Prof. Chapuis
A20: CW 49-50 Learning Cycle 5 | B20: 06.12.-19.12.
A21: CW 50-51 Learning Cycle 6 | B21: 13.12.-26.12. | C21: - Studierende können ein KI-Ethik-Assessment vollständig dokumentieren | D21: - Finalisierung Assessment-Bericht | E21: - Selbststudium | F21: - KI-Ethik-Assessment-Bericht (max. 5 Seiten) | G21: Graded | H21: 1 | I21: Prof. Chapuis
A22: CW 51 On-Campus 4 | B22: 23.12.-25.12. | D22: - Abschlussdiskussion und Ausblick | E22: - Plenumsdiskussion | I22: Prof. Chapuis
A24: Additional Written Exams, Group Presentations, Reports | B24: After last On-Campus

Sheet ETI
A3: Detailed Module Concept - MSc Digital Business Administration
A4: ETI - Emerging Technologies & Innovation (6 ECTS)
A5: The detailed module concept serves as a comprehensive blueprint for structuring a module over the course of a semester. It defines the key learning goals, ensuring clear educational outcomes for students. It outlines the main content areas, providing a structured framework for effective knowledge delivery. Additionally, it specifies the responsibilities of lecturers, assigning which lecturer is responsible for delivering content in each learning cycle or on-campus session. The concept also includes the assignment structure, detailing assessments and learning activities for each phase of the module. This ensures consistency and alignment with course objectives.
A10: Explanation: | C10: Please describe the key learning goals in each LC and On-Campus session | D10: Please write a short summary of the main content in each LC and On-Campus session in bullet points | E10: Which didactic methods and teaching tools are used in each LC and On-Campus session? | F10: Please describe the assignment (if applicable) in bullet points | G10: Please choose assignment type from the drop-down menu | H10: Please select the grading percentage from the drop-down menu | I10: Please specify the lecturer responsible for each LC and On-Campus session
A12: Structural Elements | B12: Dates | C12: Learning Goals | D12: Main Content (bullet points) | E12: Didactics & Tools | F12: Description Assignment (bullet points) | G12: Assignment Type (drop down) | H12: Grading Percentage (drop down) | I12: Lecturer | J12: Comments
A13: CW 40 On-Campus 1 | B13: 07.10.-09.10. | C13: - Studierende kennen aktuelle Technologietrends mit Geschäftsrelevanz | D13: - Überblick Emerging Technologies | E13: - Vorlesung - Gastvorträge | I13: Prof. Dubois
A14: CW 39-40 Learning Cycle 1 | B14: 27.09.-10.10. | D14: - Technologie-Pitches in Kleingruppen | E14: - Kurzpräsentationen | I14: Prof. Dubois
A15: CW 41-42 Learning Cycle 2 | B15: 11.10.-24.10. | C15: - Studierende können eine Technologie hinsichtlich Geschäftspotenzial einschätzen | D15: - Technology-Readiness-Level - Business-Potenzial-Analyse | E15: - Fallstudie | F15: - Kurzanalyse einer gewählten Technologie | G15: Pass/Fail | H15: 0 | I15: Prof. Dubois
A16: CW 43 On-Campus 2 | B16: 28.10.-30.10.
A17: CW 44-45 Learning Cycle 3 | B17: 01.11.-14.11. | C17: - Studierende kennen Grundprinzipien des Design-Thinking-Prozesses | D17: - Design-Thinking-Phasen | E17: - Workshop | I17: Prof. Dubois
A18: CW 46-47 Learning Cycle 4 | B18: 15.11.-28.11. | C18: - Studierende können einen Prototypen für eine Technologieanwendung entwickeln | D18: - Prototyping-Grundlagen | E18: - Hands-on-Werkstatt | I18: Prof. Dubois
A19: CW 48 On-Campus 3 | B19: 02.12.-04.12.
A20: CW 49-50 Learning Cycle 5 | B20: 06.12.-19.12. | C20: - Studierende können ihren Prototyp anhand von Nutzerfeedback weiterentwickeln | D20: - Testing und Iteration | E20: - Projektarbeit | I20: Prof. Dubois
A21: CW 50-51 Learning Cycle 6 | B21: 13.12.-26.12. | C21: - Studierende können ihr Innovationsprojekt vollständig dokumentieren | D21: - Finalisierung Projektdokumentation | E21: - Selbststudium | F21: - Projektdokumentation (max. 10 Seiten) | G21: Graded | H21: 0.4 | I21: Prof. Dubois
A22: CW 51 On-Campus 4 | B22: 23.12.-25.12. | C22: - Studierende können ihren Prototyp live demonstrieren | D22: - Abschlusspräsentationen mit Live-Demo | E22: - Demo-Session | F22: - Live-Demo inkl. Pitch (10 Min.) | G22: Graded | H22: 0.6 | I22: Prof. Dubois
A24: Additional Written Exams, Group Presentations, Reports | B24: After last On-Campus

Sheet LCD
A3: Detailed Module Concept - MSc Digital Business Administration
A4: LCD - Live Case: Digital Venture (6 ECTS)
A5: The detailed module concept serves as a comprehensive blueprint for structuring a module over the course of a semester. It defines the key learning goals, ensuring clear educational outcomes for students. It outlines the main content areas, providing a structured framework for effective knowledge delivery. Additionally, it specifies the responsibilities of lecturers, assigning which lecturer is responsible for delivering content in each learning cycle or on-campus session. The concept also includes the assignment structure, detailing assessments and learning activities for each phase of the module. This ensures consistency and alignment with course objectives.
A10: Explanation: | C10: Please describe the key learning goals in each LC and On-Campus session | D10: Please write a short summary of the main content in each LC and On-Campus session in bullet points | E10: Which didactic methods and teaching tools are used in each LC and On-Campus session? | F10: Please describe the assignment (if applicable) in bullet points | G10: Please choose assignment type from the drop-down menu | H10: Please select the grading percentage from the drop-down menu | I10: Please specify the lecturer responsible for each LC and On-Campus session
A12: Structural Elements | B12: Dates | C12: Learning Goals | D12: Main Content (bullet points) | E12: Didactics & Tools | F12: Description Assignment (bullet points) | G12: Assignment Type (drop down) | H12: Grading Percentage (drop down) | I12: Lecturer | J12: Comments
A13: CW 40 On-Campus 1 | B13: 07.10.-09.10. | C13: - Studierende verstehen die Aufgabenstellung des Praxispartners | D13: - Kick-off mit Praxispartner | E13: - Briefing - Q&A | I13: Prof. Aeschbacher
A14: CW 39-40 Learning Cycle 1 | B14: 27.09.-10.10. | D14: - Teambildung für Praxisprojekte | E14: - Workshop | I14: Prof. Aeschbacher
A15: CW 41-42 Learning Cycle 2 | B15: 11.10.-24.10. | C15: - Studierende können die Problemstellung strukturiert eingrenzen | D15: - Problem-Framing | E15: - Coaching | F15: - Problem-Statement (1 Seite) | G15: Pass/Fail | H15: 0 | I15: Prof. Aeschbacher
A16: CW 43 On-Campus 2 | B16: 28.10.-30.10.
A17: CW 44-45 Learning Cycle 3 | B17: 01.11.-14.11. | C17: - Studierende können erste Lösungsansätze mit dem Praxispartner validieren | D17: - Zwischenfeedback mit Praxispartner | E17: - Feedback-Session | I17: Prof. Aeschbacher
A18: CW 46-47 Learning Cycle 4 | B18: 15.11.-28.11. | C18: - Studierende können ihre Lösung weiterentwickeln | D18: - Vertiefung Lösungsansatz | E18: - Projektarbeit - Coaching | I18: Prof. Aeschbacher
A19: CW 48 On-Campus 3 | B19: 02.12.-04.12.
A20: CW 49-50 Learning Cycle 5 | B20: 06.12.-19.12. | C20: - Studierende können eine umsetzbare Lösung ausarbeiten | D20: - Finalisierung Lösungskonzept | E20: - Projektarbeit | F20: - Lösungskonzept-Bericht (max. 10 Seiten) | G20: Graded | H20: 0.4 | I20: Prof. Aeschbacher
A21: CW 50-51 Learning Cycle 6 | B21: 13.12.-26.12. | C21: - Studierende können ihre Lösung vor dem Praxispartner vertreten | D21: - Abschlusspräsentation beim Praxispartner | E21: - Präsentation - Jury-Feedback | F21: - Abschlusspräsentation (15 Min.) | G21: Graded | H21: 0.6 | I21: Prof. Aeschbacher
A22: CW 51 On-Campus 4 | B22: 23.12.-25.12.
A24: Additional Written Exams, Group Presentations, Reports | B24: After last On-Campus

Sheet CAP
A3: Detailed Module Concept - MSc Digital Business Administration
A4: CAP - Capstone Research Project (3 ECTS)
A5: The detailed module concept serves as a comprehensive blueprint for structuring a module over the course of a semester. It defines the key learning goals, ensuring clear educational outcomes for students. It outlines the main content areas, providing a structured framework for effective knowledge delivery. Additionally, it specifies the responsibilities of lecturers, assigning which lecturer is responsible for delivering content in each learning cycle or on-campus session. The concept also includes the assignment structure, detailing assessments and learning activities for each phase of the module. This ensures consistency and alignment with course objectives.
A10: Explanation: | C10: Please describe the key learning goals in each LC and On-Campus session | D10: Please write a short summary of the main content in each LC and On-Campus session in bullet points | E10: Which didactic methods and teaching tools are used in each LC and On-Campus session? | F10: Please describe the assignment (if applicable) in bullet points | G10: Please choose assignment type from the drop-down menu | H10: Please select the grading percentage from the drop-down menu | I10: Please specify the lecturer responsible for each LC and On-Campus session
A12: Structural Elements | B12: Dates | C12: Learning Goals | D12: Main Content (bullet points) | E12: Didactics & Tools | F12: Description Assignment (bullet points) | G12: Assignment Type (drop down) | H12: Grading Percentage (drop down) | I12: Lecturer | J12: Comments
A13: CW 40 On-Campus 1 | B13: 07.10.-09.10. | C13: - Studierende können eine relevante Forschungsfrage formulieren | D13: - Forschungsfrage und Zielsetzung | E13: - Vorlesung - Coaching | I13: Prof. Egger
A14: CW 39-40 Learning Cycle 1 | B14: 27.09.-10.10. | D14: - Themenfindung in Kleingruppen | E14: - Workshop | I14: Prof. Egger
A15: CW 41-42 Learning Cycle 2 | B15: 11.10.-24.10. | C15: - Studierende können passende Methoden für ihre Fragestellung auswählen | D15: - Methodenwahl (qualitativ/quantitativ) | E15: - Lesetext | F15: - Kurzexposé (max. 2 Seiten) | G15: Pass/Fail | H15: 0 | I15: Prof. Egger
A16: CW 43 On-Campus 2 | B16: 28.10.-30.10.
A17: CW 44-45 Learning Cycle 3 | B17: 01.11.-14.11. | C17: - Studierende können Daten für ihre Fragestellung erheben | D17: - Datenerhebung | E17: - Selbststudium - Coaching | I17: Prof. Egger
A18: CW 46-47 Learning Cycle 4 | B18: 15.11.-28.11.
A19: CW 48 On-Campus 3 | B19: 02.12.-04.12. | C19: - Studierende können ihre Daten auswerten | D19: - Datenauswertung | E19: - Projektarbeit | I19: Prof. Egger
A20: CW 49-50 Learning Cycle 5 | B20: 06.12.-19.12. | C20: - Studierende können ihren Forschungsbericht verfassen | D20: - Finalisierung Forschungsbericht | E20: - Selbststudium | F20: - Forschungsbericht (max. 8 Seiten) | G20: Graded | H20: 0.6 | I20: Prof. Egger
A21: CW 50-51 Learning Cycle 6 | B21: 13.12.-26.12. | C21: - Studierende können ihre Ergebnisse vor Fachpublikum vertreten | D21: - Abschlusspräsentationen | E21: - Gruppenpräsentationen | F21: - Abschlusspräsentation (10 Min.) | G21: Graded | H21: 0.4 | I21: Prof. Egger
A22: CW 51 On-Campus 4 | B22: 23.12.-25.12.
A24: Additional Written Exams, Group Presentations, Reports | B24: After last On-Campus

Sheet Module Coordination
A2: Module Coordination
A3: Overview of Main Content per Learning Cycle across all modules of the semester - used to spot unintended overlaps and coordinate workload.
A5: Structural Elements | B5: Dates | C5: EAI - Ethics in AI | D5: ETI - Emerging Technologies & Innovation | E5: LCD - Live Case: Digital Venture | F5: CAP - Capstone Research Project
A6: CW 40 On-Campus 1 | B6: 07.10.-09.10. | C6: =EAI!D13 -> - Bias, Fairness, Transparenz, Verantwortlichkeit | D6: =ETI!D13 -> - Überblick Emerging Technologies | E6: =LCD!D13 -> - Kick-off mit Praxispartner | F6: =CAP!D13 -> - Forschungsfrage und Zielsetzung
A7: CW 39-40 Learning Cycle 1 | B7: 27.09.-10.10. | C7: =EAI!D14 -> - Diskussion eines aktuellen KI-Ethik-Falls | D7: =ETI!D14 -> - Technologie-Pitches in Kleingruppen | E7: =LCD!D14 -> - Teambildung für Praxisprojekte | F7: =CAP!D14 -> - Themenfindung in Kleingruppen
A8: CW 41-42 Learning Cycle 2 | B8: 11.10.-24.10. | C8: =EAI!D15 -> - Bias-Erkennung an einem Beispieldatensatz | D8: =ETI!D15 -> - Technology-Readiness-Level - Business-Potenzial-Analyse | E8: =LCD!D15 -> - Problem-Framing | F8: =CAP!D15 -> - Methodenwahl (qualitativ/quantitativ)
A9: CW 43 On-Campus 2 | B9: 28.10.-30.10. | C9: =EAI!D16 -> 0 | D9: =ETI!D16 -> 0 | E9: =LCD!D16 -> 0 | F9: =CAP!D16 -> 0
A10: CW 44-45 Learning Cycle 3 | B10: 01.11.-14.11. | C10: =EAI!D17 -> - EU AI Act im Überblick - Risikoklassen | D10: =ETI!D17 -> - Design-Thinking-Phasen | E10: =LCD!D17 -> - Zwischenfeedback mit Praxispartner | F10: =CAP!D17 -> - Datenerhebung
A11: CW 46-47 Learning Cycle 4 | B11: 15.11.-28.11. | C11: =EAI!D18 -> 0 | D11: =ETI!D18 -> - Prototyping-Grundlagen | E11: =LCD!D18 -> - Vertiefung Lösungsansatz | F11: =CAP!D18 -> 0
A12: CW 48 On-Campus 3 | B12: 02.12.-04.12. | C12: =EAI!D19 -> - Anwendung Assessment-Raster auf ein Fallbeispiel | D12: =ETI!D19 -> 0 | E12: =LCD!D19 -> 0 | F12: =CAP!D19 -> - Datenauswertung
A13: CW 49-50 Learning Cycle 5 | B13: 06.12.-19.12. | C13: =EAI!D20 -> 0 | D13: =ETI!D20 -> - Testing und Iteration | E13: =LCD!D20 -> - Finalisierung Lösungskonzept | F13: =CAP!D20 -> - Finalisierung Forschungsbericht
A14: CW 50-51 Learning Cycle 6 | B14: 13.12.-26.12. | C14: =EAI!D21 -> - Finalisierung Assessment-Bericht | D14: =ETI!D21 -> - Finalisierung Projektdokumentation | E14: =LCD!D21 -> - Abschlusspräsentation beim Praxispartner | F14: =CAP!D21 -> - Abschlusspräsentationen
A15: CW 51 On-Campus 4 | B15: 23.12.-25.12. | C15: =EAI!D22 -> - Abschlussdiskussion und Ausblick | D15: =ETI!D22 -> - Abschlusspräsentationen mit Live-Demo | E15: =LCD!D22 -> 0 | F15: =CAP!D22 -> 0
A17: Total ECTS this semester | C17: =SUM(C18:F18) -> 18
C18: 3 | D18: 6 | E18: 6 | F18: 3

Sheet Parameters
A1: Assignment Percentage | C1: Assignment Type
A2: 0 | C2: Graded
A3: 0.05 | C3: Pass/Fail
A4: 0.1 | C4: Non-graded
A5: 0.15
A6: 0.2
A7: 0.25
A8: 0.3
A9: 0.35
A10: 0.4
A11: 0.45
A12: 0.5
A13: 0.55
A14: 0.6
A15: 0.65
A16: 0.7
... A22: 1
