Workbook

Sheet DBF
A3: Detailed Module Concept - MSc Digital Business Administration
A4: DBF - Digital Business Fundamentals (6 ECTS)
A5: The detailed module concept serves as a comprehensive blueprint for structuring a module over the course of a semester. It defines the key learning goals, ensuring clear educational outcomes for students. It outlines the main content areas, providing a structured framework for effective knowledge delivery. Additionally, it specifies the responsibilities of lecturers, assigning which lecturer is responsible for delivering content in each learning cycle or on-campus session. The concept also includes the assignment structure, detailing assessments and learning activities for each phase of the module. This ensures consistency and alignment with course objectives.
A10: Explanation: | C10: Please describe the key learning goals in each LC and On-Campus session | D10: Please write a short summary of the main content in each LC and On-Campus session in bullet points | E10: Which didactic methods and teaching tools are used in each LC and On-Campus session? | F10: Please describe the assignment (if applicable) in bullet points | G10: Please choose assignment type from the drop-down menu | H10: Please select the grading percentage from the drop-down menu | I10: Please specify the lecturer responsible for each LC and On-Campus session
A12: Structural Elements | B12: Dates | C12: Learning Goals | D12: Main Content (bullet points) | E12: Didactics & Tools | F12: Description Assignment (bullet points) | G12: Assignment Type (drop down) | H12: Grading Percentage (drop down) | I12: Lecturer | J12: Comments
A13: CW 40 On-Campus 1 | B13: 01.10.-03.10. | C13: - Studierende verstehen die Grundbegriffe digitaler Geschäftsmodelle - Studierende können das Kursziel und den Semesterablauf einordnen | D13: - Einführung Digital Business - Kursorganisation - Gruppenbildung | E13: - Kurzvorträge - Gruppendiskussion - Kennenlern-Übung | I13: Prof. Aeschbacher
A14: CW 39-40 Learning Cycle 1 | B14: 21.09.-04.10. | C14: - Studierende können digitale Wertschöpfungsketten beschreiben - Studierende erkennen typische Muster digitaler Disruption | D14: - Digitale Wertschöpfung - Plattform- vs. Pipeline-Geschäftsmodelle - Fallbeispiele Disruption | E14: - Screencast - Lesetext - Selbsttest | F14: - Kurze schriftliche Analyse eines selbst gewählten Fallbeispiels | G14: Pass/Fail | H14: 0 | I14: Prof. Aeschbacher
A15: CW 41-42 Learning Cycle 2 | B15: 05.10.-18.10. | C15: - Studierende können das Business Model Canvas anwenden | D15: - Business Model Canvas - Value Proposition Design | E15: - Video-Tutorial - Vorlage zum Selbstausfüllen | F15: - Ausgefülltes Canvas für ein selbst gewähltes Unternehmen | G15: Graded | H15: 0.2 | I15: Prof. Aeschbacher
A16: CW 43 On-Campus 2 | B16: 22.10.-24.10. | C16: - Studierende können ihr Canvas im Plenum verteidigen | D16: - Präsentation der Canvas-Entwürfe - Peer-Feedback | E16: - Kurzpräsentationen - strukturiertes Peer-Feedback | I16: Prof. Aeschbacher
A17: CW 44-45 Learning Cycle 3 | B17: 26.10.-08.11. | C17: - Studierende verstehen Netzwerkeffekte und Skalierungslogiken | D17: - Direkte/indirekte Netzwerkeffekte - Zweiseitige Märkte | E17: - Fachartikel - Diskussionsforum | I17: Prof. Aeschbacher
A18: CW 46-47 Learning Cycle 4 | B18: 09.11.-22.11. | C18: - Studierende können Monetarisierungsstrategien vergleichen | D18: - Subscription - Freemium - Transaktionsgebühren - Werbefinanzierung | E18: - Fallstudie - Kleingruppenarbeit | F18: - Vergleichstabelle von drei Monetarisierungsmodellen | G18: Pass/Fail | H18: 0 | I18: Prof. Aeschbacher
A19: CW 48 On-Campus 3 | B19: 26.11.-28.11. | C19: - Studierende können ein digitales Geschäftsmodell pitchen | D19: - Pitch-Vorbereitung - Feedbackrunden | E19: - Coaching in Kleingruppen | I19: Prof. Aeschbacher
A20: CW 49-50 Learning Cycle 5 | B20: 30.11.-13.12. | C20: - Studierende kennen zentrale KPIs digitaler Geschäftsmodelle | D20: - CAC, LTV, Churn Rate - Kennzahlen-Dashboards | E20: - Video-Tutorial - Übungsdatensatz | I20: Prof. Aeschbacher
A21: CW 50-51 Learning Cycle 6 | B21: 07.12.-20.12. | C21: - Studierende können ihr Geschäftsmodell anhand von KPIs plausibilisieren | D21: - Finalisierung Businessplan-Kurzfassung | E21: - Selbststudium - optionale Sprechstunde | F21: - Kurz-Businessplan (max. 5 Seiten) | G21: Graded | H21: 0.3 | I21: Prof. Aeschbacher
A22: CW 51 On-Campus 4 | B22: 17.12.-19.12. | C22: - Studierende können ihr Geschäftsmodell professionell präsentieren | D22: - Abschlusspräsentationen - Plenumsdiskussion | E22: - Gruppenpräsentationen - Jury-Feedback | F22: - Abschlusspräsentation (10 Min.) | G22: Graded | H22: 0.5 | I22: Prof. Aeschbacher
A24: Additional Written Exams, Group Presentations, Reports | B24: After last On-Campus

Sheet DDM
A3: Detailed Module Concept - MSc Digital Business Administration
A4: DDM - Data-Driven Decision Making (6 ECTS)
A5: The detailed module concept serves as a comprehensive blueprint for structuring a module over the course of a semester. It defines the key learning goals, ensuring clear educational outcomes for students. It outlines the main content areas, providing a structured framework for effective knowledge delivery. Additionally, it specifies the responsibilities of lecturers, assigning which lecturer is responsible for delivering content in each learning cycle or on-campus session. The concept also includes the assignment structure, detailing assessments and learning activities for each phase of the module. This ensures consistency and alignment with course objectives.
A10: Explanation: | C10: Please describe the key learning goals in each LC and On-Campus session | D10: Please write a short summary of the main content in each LC and On-Campus session in bullet points | E10: Which didactic methods and teaching tools are used in each LC and On-Campus session? | F10: Please describe the assignment (if applicable) in bullet points | G10: Please choose assignment type from the drop-down menu | H10: Please select the grading percentage from the drop-down menu | I10: Please specify the lecturer responsible for each LC and On-Campus session
A12: Structural Elements | B12: Dates | C12: Learning Goals | D12: Main Content (bullet points) | E12: Didactics & Tools | F12: Description Assignment (bullet points) | G12: Assignment Type (drop down) | H12: Grading Percentage (drop down) | I12: Lecturer | J12: Comments
A13: CW 40 On-Campus 1 | B13: 01.10.-03.10. | C13: - Studierende verstehen die Rolle von Daten in Entscheidungsprozessen | D13: - Datengetriebene vs. intuitive Entscheidungen | E13: - Vorlesung - Diskussion | I13: Prof. Egger
A14: CW 39-40 Learning Cycle 1 | B14: 21.09.-04.10. | C14: - Studierende können deskriptive Statistik anwenden | D14: - Lage- und Streuungsmasse - Visualisierung von Verteilungen | E14: - Übungsdatensatz - Tabellenkalkulation | F14: - Deskriptive Auswertung eines bereitgestellten Datensatzes | G14: Pass/Fail | H14: 0 | I14: Prof. Egger
A15: CW 41-42 Learning Cycle 2 | B15: 05.10.-18.10. | C15: - Studierende können Hypothesen formulieren und testen | D15: - t-Test - Signifikanzniveau - p-Wert-Interpretation | E15: - Screencast - Übungsaufgaben | I15: Prof. Egger
A16: CW 43 On-Campus 2 | B16: 22.10.-24.10. | C16: - Studierende können Analyseergebnisse verständlich kommunizieren | D16: - Ergebnispräsentation - Peer-Review | E16: - Kurzpräsentationen im Plenum | I16: Prof. Egger
A17: CW 44-45 Learning Cycle 3 | B17: 26.10.-08.11. | C17: - Studierende kennen Grundlagen der Regressionsanalyse | D17: - Lineare Regression - Modellgüte (R²) | E17: - Fallstudie - Statistik-Software | I17: Prof. Egger
A18: CW 46-47 Learning Cycle 4 | B18: 09.11.-22.11. | C18: - Studierende können ein einfaches Prognosemodell erstellen | D18: - Anwendung Regressionsmodell auf Geschäftsdaten | E18: - Projektarbeit in Kleingruppen | F18: - Regressionsmodell inkl. Interpretation der Ergebnisse | G18: Graded | H18: 0.25 | I18: Prof. Egger
A19: CW 48 On-Campus 3 | B19: 26.11.-28.11. | C19: - Studierende können Datenqualität kritisch beurteilen | D19: - Bias in Daten - Datenschutzaspekte | E19: - Diskussion - Gastinput | I19: Prof. Egger
A20: CW 49-50 Learning Cycle 5 | B20: 30.11.-13.12. | C20: - Studierende kennen Grundzüge von A/B-Testing | D20: - Experimentdesign - Auswertung von A/B-Tests | E20: - Fallstudie | I20: Prof. Egger
A21: CW 50-51 Learning Cycle 6 | B21: 07.12.-20.12. | C21: - Studierende können ein Entscheidungsdashboard konzipieren | D21: - Dashboard-Design-Prinzipien - Kennzahlenauswahl | E21: - Werkzeug-Demo - Gruppenarbeit | F21: - Konzept-Skizze eines Entscheidungsdashboards | G21: Graded | H21: 0.25 | I21: Prof. Egger
A22: CW 51 On-Campus 4 | B22: 17.12.-19.12. | C22: - Studierende können eine datenbasierte Empfehlung ableiten und vertreten | D22: - Abschlusspräsentationen der Projektarbeiten | E22: - Gruppenpräsentationen - Feedback | F22: - Abschlusspräsentation inkl. Handlungsempfehlung | G22: Graded | H22: 0.5 | I22: Prof. Egger
A24: Additional Written Exams, Group Presentations, Reports | B24: After last On-Campus

Sheet PEC
A3: Detailed Module Concept - MSc Digital Business Administration
A4: PEC - Platform Economics (3 ECTS)
A5: The detailed module concept serves as a comprehensive blueprint for structuring a module over the course of a semester. It defines the key learning goals, ensuring clear educational outcomes for students. It outlines the main content areas, providing a structured framework for effective knowledge delivery. Additionally, it specifies the responsibilities of lecturers, assigning which lecturer is responsible for delivering content in each learning cycle or on-campus session. The concept also includes the assignment structure, detailing assessments and learning activities for each phase of the module. This ensures consistency and alignment with course objectives.
A10: Explanation: | C10: Please describe the key learning goals in each LC and On-Campus session | D10: Please write a short summary of the main content in each LC and On-Campus session in bullet points | E10: Which didactic methods and teaching tools are used in each LC and On-Campus session? | F10: Please describe the assignment (if applicable) in bullet points | G10: Please choose assignment type from the drop-down menu | H10: Please select the grading percentage from the drop-down menu | I10: Please specify the lecturer responsible for each LC and On-Campus session
A12: Structural Elements | B12: Dates | C12: Learning Goals | D12: Main Content (bullet points) | E12: Didactics & Tools | F12: Description Assignment (bullet points) | G12: Assignment Type (drop down) | H12: Grading Percentage (drop down) | I12: Lecturer | J12: Comments
A13: CW 40 On-Campus 1 | B13: 01.10.-03.10. | C13: - Studierende verstehen die Grundlogik mehrseitiger Plattformmärkte | D13: - Plattformökonomie: Grundbegriffe | E13: - Lesetext - Selbststudium | I13: Prof. Baumann
A14: CW 39-40 Learning Cycle 1 | B14: 21.09.-04.10. | D14: - Kick-off und Erwartungsklärung | E14: - Plenumsdiskussion | I14: Prof. Baumann
A15: CW 41-42 Learning Cycle 2 | B15: 05.10.-18.10. | C15: - Studierende können Plattform-Governance-Modelle vergleichen | D15: - Öffnungsgrad von Plattformen - Regeln für Drittanbieter | E15: - Fallstudie | F15: - Kurzanalyse einer bestehenden Plattform | G15: Pass/Fail | H15: 0 | I15: Prof. Baumann
A16: CW 43 On-Campus 2 | B16: 22.10.-24.10.
A17: CW 44-45 Learning Cycle 3 | B17: 26.10.-08.11. | C17: - Studierende kennen Strategien gegen Plattform-Marktversagen | D17: - Chicken-Egg-Problem - Multihoming | E17: - Diskussion | I17: Prof. Baumann
A18: CW 46-47 Learning Cycle 4 | B18: 09.11.-22.11.
A19: CW 48 On-Campus 3 | B19: 26.11.-28.11. | C19: - Studierende können eine eigene Plattformidee skizzieren | D19: - Ideenskizzen im Plenum | E19: - Peer-Feedback | I19: Prof. Baumann
A20: CW 49-50 Learning Cycle 5 | B20: 30.11.-13.12.
A21: CW 50-51 Learning Cycle 6 | B21: 07.12.-20.12. | C21: - Studierende können ihre Plattformidee strukturiert dokumentieren | D21: - Ausarbeitung Plattform-Konzept | E21: - Selbststudium | F21: - Plattform-Konzeptpapier (max. 4 Seiten) | G21: Graded | H21: 0.4 | I21: Prof. Baumann
A22: CW 51 On-Campus 4 | B22: 17.12.-19.12. | C22: - Studierende können ihr Konzept überzeugend präsentieren | D22: - Abschlusspräsentationen | E22: - Kurzpräsentationen | F22: - Präsentation (7 Min.) | G22: Graded | H22: 0.6 | I22: Prof. Baumann
A24: Additional Written Exams, Group Presentations, Reports | B24: After last On-Campus

Sheet DLB
A3: Detailed Module Concept - MSc Digital Business Administration
A4: DLB - Digital Leadership Basics (3 ECTS)
A5: The detailed module concept serves as a comprehensive blueprint for structuring a module over the course of a semester. It defines the key learning goals, ensuring clear educational outcomes for students. It outlines the main content areas, providing a structured framework for effective knowledge delivery. Additionally, it specifies the responsibilities of lecturers, assigning which lecturer is responsible for delivering content in each learning cycle or on-campus session. The concept also includes the assignment structure, detailing assessments and learning activities for each phase of the module. This ensures consistency and alignment with course objectives.
A10: Explanation: | C10: Please describe the key learning goals in each LC and On-Campus session | D10: Please write a short summary of the main content in each LC and On-Campus session in bullet points | E10: Which didactic methods and teaching tools are used in each LC and On-Campus session? | F10: Please describe the assignment (if applicable) in bullet points | G10: Please choose assignment type from the drop-down menu | H10: Please select the grading percentage from the drop-down menu | I10: Please specify the lecturer responsible for each LC and On-Campus session
A12: Structural Elements | B12: Dates | C12: Learning Goals | D12: Main Content (bullet points) | E12: Didactics & Tools | F12: Description Assignment (bullet points) | G12: Assignment Type (drop down) | H12: Grading Percentage (drop down) | I12: Lecturer | J12: Comments
A13: CW 40 On-Campus 1 | B13: 01.10.-03.10. | C13: - Studierende kennen Grundmodelle situativer Führung | D13: - Führungsstile im Überblick | E13: - Vorlesung | I13: Prof. Chapuis
A14: CW 39-40 Learning Cycle 1 | B14: 21.09.-04.10. | D14: - Kennenlernen - Erwartungsmanagement | E14: - Gruppenübung | I14: Prof. Chapuis
A15: CW 41-42 Learning Cycle 2 | B15: 05.10.-18.10. | C15: - Studierende können Führung in verteilten Teams reflektieren | D15: - Remote Leadership - Vertrauen auf Distanz | E15: - Fallstudie | F15: - Reflexionstext zu einer eigenen Führungserfahrung | G15: Pass/Fail | H15: 0 | I15: Prof. Chapuis
A16: CW 43 On-Campus 2 | B16: 22.10.-24.10.
A17: CW 44-45 Learning Cycle 3 | B17: 26.10.-08.11. | C17: - Studierende kennen Grundlagen psychologischer Sicherheit | D17: - Psychologische Sicherheit nach Edmondson | E17: - Lesetext - Diskussion | I17: Prof. Chapuis
A18: CW 46-47 Learning Cycle 4 | B18: 09.11.-22.11.
A19: CW 48 On-Campus 3 | B19: 26.11.-28.11. | C19: - Studierende können Feedbackgespräche strukturiert führen | D19: - Feedbackmodelle - Rollenspiele | E19: - Rollenspiel in Kleingruppen | I19: Prof. Chapuis
A20: CW 49-50 Learning Cycle 5 | B20: 30.11.-13.12.
A21: CW 50-51 Learning Cycle 6 | B21: 07.12.-20.12. | C21: - Studierende können ihren eigenen Führungsstil einordnen | D21: - Selbstreflexion Führungsstil | E21: - Selbsttest - Reflexionsbogen | F21: - Persönliches Führungsleitbild (max. 2 Seiten) | G21: Graded | H21: 1 | I21: Prof. Chapuis
A22: CW 51 On-Campus 4 | B22: 17.12.-19.12. | D22: - Abschlussdiskussion in Kleingruppen | E22: - Gruppendiskussion | I22: Prof. Chapuis
A24: Additional Written Exams, Group Presentations, Reports | B24: After last On-Campus

Sheet Module Coordination
A2: Module Coordination
A3: Overview of Main Content per Learning Cycle across all modules of the semester - used to spot unintended overlaps and coordinate workload.
A5: Structural Elements | B5: Dates | C5: DBF - Digital Business Fundamentals | D5: DDM - Data-Driven Decision Making | E5: PEC - Platform Economics | F5: DLB - Digital Leadership Basics
A6: CW 40 On-Campus 1 | B6: 01.10.-03.10. | C6: =DBF!D13 -> - Einführung Digital Business - Kursorganisation - Gruppenbildung | D6: =DDM!D13 -> - Datengetriebene vs. intuitive Entscheidungen | E6: =PEC!D13 -> - Plattformökonomie: Grundbegriffe | F6: =DLB!D13 -> - Führungsstile im Überblick
A7: CW 39-40 Learning Cycle 1 | B7: 21.09.-04.10. | C7: =DBF!D14 -> - Digitale Wertschöpfung - Plattform- vs. Pipeline-Geschäftsmodelle - Fallbeispiele Disruption | D7: =DDM!D14 -> - Lage- und Streuungsmasse - Visualisierung von Verteilungen | E7: =PEC!D14 -> - Kick-off und Erwartungsklärung | F7: =DLB!D14 -> - Kennenlernen - Erwartungsmanagement
A8: CW 41-42 Learning Cycle 2 | B8: 05.10.-18.10. | C8: =DBF!D15 -> - Business Model Canvas - Value Proposition Design | D8: =DDM!D15 -> - t-Test - Signifikanzniveau - p-Wert-Interpretation | E8: =PEC!D15 -> - Öffnungsgrad von Plattformen - Regeln für Drittanbieter | F8: =DLB!D15 -> - Remote Leadership - Vertrauen auf Distanz
A9: CW 43 On-Campus 2 | B9: 22.10.-24.10. | C9: =DBF!D16 -> - Präsentation der Canvas-Entwürfe - Peer-Feedback | D9: =DDM!D16 -> - Ergebnispräsentation - Peer-Review | E9: =PEC!D16 -> 0 | F9: =DLB!D16 -> 0
A10: CW 44-45 Learning Cycle 3 | B10: 26.10.-08.11. | C10: =DBF!D17 -> - Direkte/indirekte Netzwerkeffekte - Zweiseitige Märkte | D10: =DDM!D17 -> - Lineare Regression - Modellgüte (R²) | E10: =PEC!D17 -> - Chicken-Egg-Problem - Multihoming | F10: =DLB!D17 -> - Psychologische Sicherheit nach Edmondson
A11: CW 46-47 Learning Cycle 4 | B11: 09.11.-22.11. | C11: =DBF!D18 -> - Subscription - Freemium - Transaktionsgebühren - Werbefinanzierung | D11: =DDM!D18 -> - Anwendung Regressionsmodell auf Geschäftsdaten | E11: =PEC!D18 -> 0 | F11: =DLB!D18 -> 0
A12: CW 48 On-Campus 3 | B12: 26.11.-28.11. | C12: =DBF!D19 -> - Pitch-Vorbereitung - Feedbackrunden | D12: =DDM!D19 -> - Bias in Daten - Datenschutzaspekte | E12: =PEC!D19 -> - Ideenskizzen im Plenum | F12: =DLB!D19 -> - Feedbackmodelle - Rollenspiele
A13: CW 49-50 Learning Cycle 5 | B13: 30.11.-13.12. | C13: =DBF!D20 -> - CAC, LTV, Churn Rate - Kennzahlen-Dashboards | D13: =DDM!D20 -> - Experimentdesign - Auswertung von A/B-Tests | E13: =PEC!D20 -> 0 | F13: =DLB!D20 -> 0
A14: CW 50-51 Learning Cycle 6 | B14: 07.12.-20.12. | C14: =DBF!D21 -> - Finalisierung Businessplan-Kurzfassung | D14: =DDM!D21 -> - Dashboard-Design-Prinzipien - Kennzahlenauswahl | E14: =PEC!D21 -> - Ausarbeitung Plattform-Konzept | F14: =DLB!D21 -> - Selbstreflexion Führungsstil
A15: CW 51 On-Campus 4 | B15: 17.12.-19.12. | C15: =DBF!D22 -> - Abschlusspräsentationen - Plenumsdiskussion | D15: =DDM!D22 -> - Abschlusspräsentationen der Projektarbeiten | E15: =PEC!D22 -> - Abschlusspräsentationen | F15: =DLB!D22 -> - Abschlussdiskussion in Kleingruppen
A17: Total ECTS this semester | C17: =SUM(C18:F18) -> 18
C18: 6 | D18: 6 | E18: 3 | F18: 3

Sheet Parameters
A1: Assignment Percentage | C1: Assignment Type
A2: 0 | C2: Graded
A3: 0.05 | C3: Pass/Fail
A4: 0.1 | C4: Non-graded
A5: 0.15
A6: 0.2
A7: 0.25
A8: 0.3
A9: 0.35
A10: 0.4
A11: 0.45
A12: 0.5
A13: 0.55
A14: 0.6
A15: 0.65
A16: 0.7
... A22: 1
