Workbook

Sheet VEN
A3: Detailed Module Concept - MSc Digital Business Administration
A4: VEN - Venture Creation (6 ECTS)
A5: The detailed module concept serves as a comprehensive blueprint for structuring a module over the course of a semester. It defines the key learning goals, ensuring clear educational outcomes for students. It outlines the main content areas, providing a structured framework for effective knowledge delivery. Additionally, it specifies the responsibilities of lecturers, assigning which lecturer is responsible for delivering content in each learning cycle or on-campus session. The concept also includes the assignment structure, detailing assessments and learning activities for each phase of the module. This ensures consistency and alignment with course objectives.
A10: Explanation: | C10: Please describe the key learning goals in each LC and On-Campus session | D10: Please write a short summary of the main content in each LC and On-Campus session in bullet points | E10: Which didactic methods and teaching tools are used in each LC and On-Campus session? | F10: Please describe the assignment (if applicable) in bullet points | G10: Please choose assignment type from the drop-down menu | H10: Please select the grading percentage from the drop-down menu | I10: Please specify the lecturer responsible for each LC and On-Campus session
A12: Structural Elements | B12: Dates | C12: Learning Goals | D12: Main Content (bullet points) | E12: Didactics & Tools | F12: Description Assignment (bullet points) | G12: Assignment Type (drop down) | H12: Grading Percentage (drop down) | I12: Lecturer | J12: Comments
A13: CW 9 On-Campus 1 | B13: 04.03.-06.03. | C13: - Studierende können den gesamten Gründungsprozess strukturiert planen | D13: - Von der Idee zur Gründung: Prozessüberblick | E13: - Vorlesung | I13: Prof. Dubois
A14: CW 8-9 Learning Cycle 1 | B14: 22.02.-07.03. | D14: - Fallbeispiel erfolgreiche Gründung | E14: - Diskussion | I14: Prof. Dubois
A15: CW 10-11 Learning Cycle 2 | B15: 08.03.-21.03. | C15: - Studierende können eine Machbarkeitsstudie durchführen | D15: - Markt-, Technik- und Finanzmachbarkeit | E15: - Gruppenarbeit | F15: - Machbarkeitsstudie-Kurzfassung | G15: Pass/Fail | H15: 0 | I15: Prof. Dubois
A16: CW 12 On-Campus 2 | B16: 25.03.-27.03. | D16: - Zwischenpräsentationen | E16: - Kurzpräsentationen | I16: Prof. Dubois
A17: CW 13-14 Learning Cycle 3 | B17: 29.03.-11.04. | C17: - Studierende kennen Grundzüge der Wettbewerbsanalyse | D17: - Wettbewerbsanalyse für Startups | E17: - Lesetext | I17: Prof. Dubois
A18: CW 15-16 Learning Cycle 4 | B18: 12.04.-25.04. | C18: - Studierende können ein Gründungsteam operativ aufstellen | D18: - Aufgabenverteilung im Gründungsteam | E18: - Projektarbeit | I18: Prof. Dubois
A19: CW 17 On-Campus 3 | B19: 29.04.-01.05. | C19: - Studierende können Meilensteine für ihre Gründung definieren | D19: - Meilensteinplanung | E19: - Gruppenarbeit | I19: Prof. Dubois
A20: CW 18-19 Learning Cycle 5 | B20: 03.05.-16.05. | C20: - Studierende können ihren Businessplan konsolidieren | D20: - Finalisierung Businessplan | E20: - Selbststudium | F20: - Businessplan (max. 10 Seiten) | G20: Graded | H20: 0.3 | I20: Prof. Dubois
A21: CW 19-20 Learning Cycle 6 | B21: 10.05.-23.05. | C21: - Studierende können ihren Businessplan vor einer Jury vertreten | D21: - Abschlusspräsentationen | E21: - Gruppenpräsentationen - Jury-Feedback | F21: - Abschlusspräsentation (12 Min.) | G21: Graded | H21: 0.7 | I21: Prof. Dubois
A22: CW 20 On-Campus 4 | B22: 20.05.-22.05.
A24: Additional Written Exams, Group Presentations, Reports | B24: After last On-Campus

Sheet NEG
A3: Detailed Module Concept - MSc Digital Business Administration
A4: NEG - Negotiation Skills (3 ECTS)
A5: The detailed module concept serves as a comprehensive blueprint for structuring a module over the course of a semester. It defines the key learning goals, ensuring clear educational outcomes for students. It outlines the main content areas, providing a structured framework for effective knowledge delivery. Additionally, it specifies the responsibilities of lecturers, assigning which lecturer is responsible for delivering content in each learning cycle or on-campus session. The concept also includes the assignment structure, detailing assessments and learning activities for each phase of the module. This ensures consistency and alignment with course objectives.
A10: Explanation: | C10: Please describe the key learning goals in each LC and On-Campus session | D10: Please write a short summary of the main content in each LC and On-Campus session in bullet points | E10: Which didactic methods and teaching tools are used in each LC and On-Campus session? | F10: Please describe the assignment (if applicable) in bullet points | G10: Please choose assignment type from the drop-down menu | H10: Please select the grading percentage from the drop-down menu | I10: Please specify the lecturer responsible for each LC and On-Campus session
A12: Structural Elements | B12: Dates | C12: Learning Goals | D12: Main Content (bullet points) | E12: Didactics & Tools | F12: Description Assignment (bullet points) | G12: Assignment Type (drop down) | H12: Grading Percentage (drop down) | I12: Lecturer | J12: Comments
A13: CW 9 On-Campus 1 | B13: 04.03.-06.03. | C13: - Studierende kennen Grundprinzipien erfolgreicher Verhandlungsführung | D13: - Harvard-Verhandlungskonzept | E13: - Vorlesung | I13: Prof. Baumann
A14: CW 8-9 Learning Cycle 1 | B14: 22.02.-07.03. | D14: - Kurze Verhandlungssimulation | E14: - Rollenspiel | I14: Prof. Baumann
A15: CW 10-11 Learning Cycle 2 | B15: 08.03.-21.03. | C15: - Studierende können eine Verhandlung vorbereiten | D15: - Verhandlungsvorbereitung - BATNA | E15: - Fallstudie | F15: - Verhandlungsvorbereitungs-Dossier | G15: Pass/Fail | H15: 0 | I15: Prof. Baumann
A16: CW 12 On-Campus 2 | B16: 25.03.-27.03.
A17: CW 13-14 Learning Cycle 3 | B17: 29.03.-11.04. | C17: - Studierende kennen typische Verhandlungstaktiken | D17: - Taktiken und Gegentaktiken | E17: - Lesetext | I17: Prof. Baumann
A18: CW 15-16 Learning Cycle 4 | B18: 12.04.-25.04.
A19: CW 17 On-Campus 3 | B19: 29.04.-01.05. | C19: - Studierende können eine Verhandlung in einem Rollenspiel führen | D19: - Verhandlungssimulation Investorengespräch | E19: - Rollenspiel | I19: Prof. Baumann
A20: CW 18-19 Learning Cycle 5 | B20: 03.05.-16.05.
A21: CW 19-20 Learning Cycle 6 | B21: 10.05.-23.05. | C21: - Studierende können ihre Verhandlungsstrategie reflektieren | D21: - Finalisierung Reflexionsbericht | E21: - Selbststudium | F21: - Reflexionsbericht (max. 3 Seiten) | G21: Graded | H21: 1 | I21: Prof. Baumann
A22: CW 20 On-Campus 4 | B22: 20.05.-22.05. | D22: - Abschlussdiskussion | E22: - Plenumsdiskussion | I22: Prof. Baumann
A24: Additional Written Exams, Group Presentations, Reports | B24: After last On-Campus

Sheet GTM
A3: Detailed Module Concept - MSc Digital Business Administration
A4: GTM - Go-to-Market Strategy (6 ECTS)
A5: The detailed module concept serves as a comprehensive blueprint for structuring a module over the course of a semester. It defines the key learning goals, ensuring clear educational outcomes for students. It outlines the main content areas, providing a structured framework for effective knowledge delivery. Additionally, it specifies the responsibilities of lecturers, assigning which lecturer is responsible for delivering content in each learning cycle or on-campus session. The concept also includes the assignment structure, detailing assessments and learning activities for each phase of the module. This ensures consistency and alignment with course objectives.
A10: Explanation: | C10: Please describe the key learning goals in each LC and On-Campus session | D10: Please write a short summary of the main content in each LC and On-Campus session in bullet points | E10: Which didactic methods and teaching tools are used in each LC and On-Campus session? | F10: Please describe the assignment (if applicable) in bullet points | G10: Please choose assignment type from the drop-down menu | H10: Please select the grading percentage from the drop-down menu | I10: Please specify the lecturer responsible for each LC and On-Campus session
A12: Structural Elements | B12: Dates | C12: Learning Goals | D12: Main Content (bullet points) | E12: Didactics & Tools | F12: Description Assignment (bullet points) | G12: Assignment Type (drop down) | H12: Grading Percentage (drop down) | I12: Lecturer | J12: Comments
A13: CW 9 On-Campus 1 | B13: 04.03.-06.03. | C13: - Studierende kennen Grundlagen der Customer Journey | D13: - Customer-Journey-Mapping | E13: - Vorlesung | I13: Prof. Aeschbacher
A14: CW 8-9 Learning Cycle 1 | B14: 22.02.-07.03. | C14: - Studierende können eine Journey Map erstellen | D14: - Journey-Map eines Fallbeispiels | E14: - Gruppenübung | F14: - Journey Map für die eigene Gründungsidee | G14: Pass/Fail | H14: 0 | I14: Prof. Aeschbacher
A15: CW 10-11 Learning Cycle 2 | B15: 08.03.-21.03. | C15: - Studierende können Touchpoints kritisch bewerten | D15: - Touchpoint-Analyse | E15: - Fallstudie | I15: Prof. Aeschbacher
A16: CW 12 On-Campus 2 | B16: 25.03.-27.03. | D16: - Zwischenpräsentationen | E16: - Kurzpräsentationen | I16: Prof. Aeschbacher
A17: CW 13-14 Learning Cycle 3 | B17: 29.03.-11.04. | C17: - Studierende kennen zentrale Kanäle für die Markteinführung | D17: - Direktvertrieb, Partnerschaften, digitale Kanäle | E17: - Lesetext | I17: Prof. Aeschbacher
A18: CW 15-16 Learning Cycle 4 | B18: 12.04.-25.04. | C18: - Studierende können eine Zielgruppensegmentierung vornehmen | D18: - Marktsegmentierung - Zielgruppendefinition | E18: - Gruppenarbeit | I18: Prof. Aeschbacher
A19: CW 17 On-Campus 3 | B19: 29.04.-01.05. | C19: - Studierende können eine Kampagne grob konzipieren | D19: - Kampagnenkonzept-Grundlagen | E19: - Gruppenarbeit | I19: Prof. Aeschbacher
A20: CW 18-19 Learning Cycle 5 | B20: 03.05.-16.05. | C20: - Studierende können ihr Kampagnenkonzept vollständig ausarbeiten | D20: - Finalisierung Kampagnenkonzept | E20: - Selbststudium | F20: - Kampagnenkonzept (max. 6 Seiten) | G20: Graded | H20: 0.3 | I20: Prof. Aeschbacher
A21: CW 19-20 Learning Cycle 6 | B21: 10.05.-23.05. | C21: - Studierende können ihr Kampagnenkonzept pitchen | D21: - Abschlusspräsentationen | E21: - Kurzpräsentationen | F21: - Pitch (10 Min.) | G21: Graded | H21: 0.7 | I21: Prof. Aeschbacher
A22: CW 20 On-Campus 4 | B22: 20.05.-22.05.
A24: Additional Written Exams, Group Presentations, Reports | B24: After last On-Campus

Sheet LGL
A3: Detailed Module Concept - MSc Digital Business Administration
A4: LGL - Legal & Regulatory Basics for Startups (3 ECTS)
A5: The detailed module concept serves as a comprehensive blueprint for structuring a module over the course of a semester. It defines the key learning goals, ensuring clear educational outcomes for students. It outlines the main content areas, providing a structured framework for effective knowledge delivery. Additionally, it specifies the responsibilities of lecturers, assigning which lecturer is responsible for delivering content in each learning cycle or on-campus session. The concept also includes the assignment structure, detailing assessments and learning activities for each phase of the module. This ensures consistency and alignment with course objectives.
A10: Explanation: | C10: Please describe the key learning goals in each LC and On-Campus session | D10: Please write a short summary of the main content in each LC and On-Campus session in bullet points | E10: Which didactic methods and teaching tools are used in each LC and On-Campus session? | F10: Please describe the assignment (if applicable) in bullet points | G10: Please choose assignment type from the drop-down menu | H10: Please select the grading percentage from the drop-down menu | I10: Please specify the lecturer responsible for each LC and On-Campus session
A12: Structural Elements | B12: Dates | C12: Learning Goals | D12: Main Content (bullet points) | E12: Didactics & Tools | F12: Description Assignment (bullet points) | G12: Assignment Type (drop down) | H12: Grading Percentage (drop down) | I12: Lecturer | J12: Comments
A13: CW 9 On-Campus 1 | B13: 04.03.-06.03. | C13: - Studierende kennen zentrale Rechtsfelder für Startups | D13: - Vertragsrecht, Datenschutz, Compliance im Überblick | E13: - Vorlesung | I13: Prof. Chapuis
A14: CW 8-9 Learning Cycle 1 | B14: 22.02.-07.03. | D14: - Diskussion aktueller Regulierungsfälle | E14: - Plenumsdiskussion | I14: Prof. Chapuis
A15: CW 10-11 Learning Cycle 2 | B15: 08.03.-21.03. | C15: - Studierende können Compliance-Risiken einer Gründung einschätzen | D15: - Compliance-Checkliste anwenden | E15: - Fallstudie | F15: - Compliance-Kurzcheck für die eigene Gründungsidee | G15: Pass/Fail | H15: 0 | I15: Prof. Chapuis
A16: CW 12 On-Campus 2 | B16: 25.03.-27.03.
A17: CW 13-14 Learning Cycle 3 | B17: 29.03.-11.04. | C17: - Studierende kennen Grundzüge der Schweizer Datenschutzgesetzgebung (revDSG) | D17: - revDSG im Überblick - Bezug zu DSGVO | E17: - Lesetext | I17: Prof. Chapuis
A18: CW 15-16 Learning Cycle 4 | B18: 12.04.-25.04.
A19: CW 17 On-Campus 3 | B19: 29.04.-01.05. | C19: - Studierende können ein Datenschutzkonzept skizzieren | D19: - Elemente eines Datenschutzkonzepts | E19: - Gruppenarbeit | I19: Prof. Chapuis
A20: CW 18-19 Learning Cycle 5 | B20: 03.05.-16.05.
A21: CW 19-20 Learning Cycle 6 | B21: 10.05.-23.05. | C21: - Studierende können ein Compliance-Kurzpapier verfassen | D21: - Finalisierung Compliance-Kurzpapier | E21: - Selbststudium | F21: - Compliance-Kurzpapier (max. 4 Seiten) | G21: Graded | H21: 1 | I21: Prof. Chapuis
A22: CW 20 On-Campus 4 | B22: 20.05.-22.05. | D22: - Abschlussdiskussion | E22: - Plenumsdiskussion | I22: Prof. Chapuis
A24: Additional Written Exams, Group Presentations, Reports | B24: After last On-Campus

Sheet Module Coordination
A2: Module Coordination
A3: Overview of Main Content per Learning Cycle across all modules of the semester - used to spot unintended overlaps and coordinate workload.
A5: Structural Elements | B5: Dates | C5: VEN - Venture Creation | D5: NEG - Negotiation Skills | E5: GTM - Go-to-Market Strategy | F5: LGL - Legal & Regulatory Basics for Startups
A6: CW 9 On-Campus 1 | B6: 04.03.-06.03. | C6: =VEN!D13 -> - Von der Idee zur Gründung: Prozessüberblick | D6: =NEG!D13 -> - Harvard-Verhandlungskonzept | E6: =GTM!D13 -> - Customer-Journey-Mapping | F6: =LGL!D13 -> - Vertragsrecht, Datenschutz, Compliance im Überblick
A7: CW 8-9 Learning Cycle 1 | B7: 22.02.-07.03. | C7: =VEN!D14 -> - Fallbeispiel erfolgreiche Gründung | D7: =NEG!D14 -> - Kurze Verhandlungssimulation | E7: =GTM!D14 -> - Journey-Map eines Fallbeispiels | F7: =LGL!D14 -> - Diskussion aktueller Regulierungsfälle
A8: CW 10-11 Learning Cycle 2 | B8: 08.03.-21.03. | C8: =VEN!D15 -> - Markt-, Technik- und Finanzmachbarkeit | D8: =NEG!D15 -> - Verhandlungsvorbereitung - BATNA | E8: =GTM!D15 -> - Touchpoint-Analyse | F8: =LGL!D15 -> - Compliance-Checkliste anwenden
A9: CW 12 On-Campus 2 | B9: 25.03.-27.03. | C9: =VEN!D16 -> - Zwischenpräsentationen | D9: =NEG!D16 -> 0 | E9: =GTM!D16 -> - Zwischenpräsentationen | F9: =LGL!D16 -> 0
A10: CW 13-14 Learning Cycle 3 | B10: 29.03.-11.04. | C10: =VEN!D17 -> - Wettbewerbsanalyse für Startups | D10: =NEG!D17 -> - Taktiken und Gegentaktiken | E10: =GTM!D17 -> - Direktvertrieb, Partnerschaften, digitale Kanäle | F10: =LGL!D17 -> - revDSG im Überblick - Bezug zu DSGVO
A11: CW 15-16 Learning Cycle 4 | B11: 12.04.-25.04. | C11: =VEN!D18 -> - Aufgabenverteilung im Gründungsteam | D11: =NEG!D18 -> 0 | E11: =GTM!D18 -> - Marktsegmentierung - Zielgruppendefinition | F11: =LGL!D18 -> 0
A12: CW 17 On-Campus 3 | B12: 29.04.-01.05. | C12: =VEN!D19 -> - Meilensteinplanung | D12: =NEG!D19 -> - Verhandlungssimulation Investorengespräch | E12: =GTM!D19 -> - Kampagnenkonzept-Grundlagen | F12: =LGL!D19 -> - Elemente eines Datenschutzkonzepts
A13: CW 18-19 Learning Cycle 5 | B13: 03.05.-16.05. | C13: =VEN!D20 -> - Finalisierung Businessplan | D13: =NEG!D20 -> 0 | E13: =GTM!D20 -> - Finalisierung Kampagnenkonzept | F13: =LGL!D20 -> 0
A14: CW 19-20 Learning Cycle 6 | B14: 10.05.-23.05. | C14: =VEN!D21 -> - Abschlusspräsentationen | D14: =NEG!D21 -> - Finalisierung Reflexionsbericht | E14: =GTM!D21 -> - Abschlusspräsentationen | F14: =LGL!D21 -> - Finalisierung Compliance-Kurzpapier
A15: CW 20 On-Campus 4 | B15: 20.05.-22.05. | C15: =VEN!D22 -> 0 | D15: =NEG!D22 -> - Abschlussdiskussion | E15: =GTM!D22 -> 0 | F15: =LGL!D22 -> - Abschlussdiskussion
A17: Total ECTS this semester | C17: =SUM(C18:F18) -> 18
C18: 6 | D18: 3 | E18: 6 | F18: 3

Sheet Parameters
A1: Assignment Percentage | C1: Assignment Type
A2: 0 | C2: Graded
A3: 0.05 | C3: Pass/Fail
A4: 0.1 | C4: Non-graded
A5: 0.15
A6: 0.2
A7: 0.25
A8: 0.3
A9: 0.35
A10: 0.4
A11: 0.45
A12: 0.5
A13: 0.55
A14: 0.6
A15: 0.65
A16: 0.7
... A22: 1
