Workbook

Sheet ENF
A3: Detailed Module Concept - MSc Digital Business Administration
A4: ENF - Entrepreneurship Foundations (6 ECTS)
A5: The detailed module concept serves as a comprehensive blueprint for structuring a module over the course of a semester. It defines the key learning goals, ensuring clear educational outcomes for students. It outlines the main content areas, providing a structured framework for effective knowledge delivery. Additionally, it specifies the responsibilities of lecturers, assigning which lecturer is responsible for delivering content in each learning cycle or on-campus session. The concept also includes the assignment structure, detailing assessments and learning activities for each phase of the module. This ensures consistency and alignment with course objectives.
A10: Explanation: | C10: Please describe the key learning goals in each LC and On-Campus session | D10: Please write a short summary of the main content in each LC and On-Campus session in bullet points | E10: Which didactic methods and teaching tools are used in each LC and On-Campus session? | F10: Please describe the assignment (if applicable) in bullet points | G10: Please choose assignment type from the drop-down menu | H10: Please select the grading percentage from the drop-down menu | I10: Please specify the lecturer responsible for each LC and On-Campus session
A12: Structural Elements | B12: Dates | C12: Learning Goals | D12: Main Content (bullet points) | E12: Didactics & Tools | F12: Description Assignment (bullet points) | G12: Assignment Type (drop down) | H12: Grading Percentage (drop down) | I12: Lecturer | J12: Comments
A13: CW 40 On-Campus 1 | B13: 01.10.-03.10. | C13: - Studierende verstehen Grundbegriffe unternehmerischen Denkens | D13: - Entrepreneurial Mindset - Chancenerkennung | E13: - Vorlesung | I13: Prof. Dubois
A14: CW 39-40 Learning Cycle 1 | B14: 21.09.-04.10. | C14: - Studierende können Gründertypen und -motive einordnen | D14: - Gründertypologien | E14: - Lesetext | I14: Prof. Dubois
A15: CW 41-42 Learning Cycle 2 | B15: 05.10.-18.10. | C15: - Studierende können ein Geschäftsmodell strukturiert beschreiben | D15: - Business Model Canvas - Value Proposition Design | E15: - Video-Tutorial - Vorlage zum Selbstausfüllen | F15: - Ausgefülltes Canvas für eine selbst gewählte Gründungsidee | G15: Graded | H15: 0.2 | I15: Prof. Dubois
A16: CW 43 On-Campus 2 | B16: 22.10.-24.10. | C16: - Studierende können ihr Canvas im Plenum verteidigen | D16: - Präsentation der Canvas-Entwürfe - Peer-Feedback | E16: - Kurzpräsentationen | I16: Prof. Dubois
A17: CW 44-45 Learning Cycle 3 | B17: 26.10.-08.11. | C17: - Studierende kennen Grundlagen der Chancenbewertung | D17: - Marktattraktivität - Machbarkeitsprüfung | E17: - Fachartikel | I17: Prof. Dubois
A18: CW 46-47 Learning Cycle 4 | B18: 09.11.-22.11. | C18: - Studierende können ein Geschäftsmodell kritisch hinterfragen | D18: - Risikofaktoren einer Gründungsidee | E18: - Fallstudie | F18: - Kurzanalyse einer gescheiterten Gründung | G18: Pass/Fail | H18: 0 | I18: Prof. Dubois
A19: CW 48 On-Campus 3 | B19: 26.11.-28.11. | C19: - Studierende kennen unterschiedliche Rechtsformen für Gründungen | D19: - Einzelfirma, GmbH, AG im Vergleich | E19: - Lesetext | I19: Prof. Dubois
A20: CW 49-50 Learning Cycle 5 | B20: 30.11.-13.12. | C20: - Studierende kennen Grundzüge des Gründungsprozesses in der Schweiz | D20: - Handelsregister - Gründungsschritte | E20: - Gruppenarbeit | I20: Prof. Dubois
A21: CW 50-51 Learning Cycle 6 | B21: 07.12.-20.12. | C21: - Studierende können ein Gründungskonzept ausarbeiten | D21: - Finalisierung Gründungskonzept | E21: - Selbststudium | F21: - Gründungskonzept-Papier (max. 5 Seiten) | G21: Graded | H21: 0.3 | I21: Prof. Dubois
A22: CW 51 On-Campus 4 | B22: 17.12.-19.12. | C22: - Studierende können ihr Gründungskonzept präsentieren | D22: - Abschlusspräsentationen | E22: - Gruppenpräsentationen | F22: - Abschlusspräsentation (10 Min.) | G22: Graded | H22: 0.5 | I22: Prof. Dubois
A24: Additional Written Exams, Group Presentations, Reports | B24: After last On-Campus

Sheet LNP
A3: Detailed Module Concept - MSc Digital Business Administration
A4: LNP - Lean Startup & Validation (6 ECTS)
A5: The detailed module concept serves as a comprehensive blueprint for structuring a module over the course of a semester. It defines the key learning goals, ensuring clear educational outcomes for students. It outlines the main content areas, providing a structured framework for effective knowledge delivery. Additionally, it specifies the responsibilities of lecturers, assigning which lecturer is responsible for delivering content in each learning cycle or on-campus session. The concept also includes the assignment structure, detailing assessments and learning activities for each phase of the module. This ensures consistency and alignment with course objectives.
A10: Explanation: | C10: Please describe the key learning goals in each LC and On-Campus session | D10: Please write a short summary of the main content in each LC and On-Campus session in bullet points | E10: Which didactic methods and teaching tools are used in each LC and On-Campus session? | F10: Please describe the assignment (if applicable) in bullet points | G10: Please choose assignment type from the drop-down menu | H10: Please select the grading percentage from the drop-down menu | I10: Please specify the lecturer responsible for each LC and On-Campus session
A12: Structural Elements | B12: Dates | C12: Learning Goals | D12: Main Content (bullet points) | E12: Didactics & Tools | F12: Description Assignment (bullet points) | G12: Assignment Type (drop down) | H12: Grading Percentage (drop down) | I12: Lecturer | J12: Comments
A13: CW 40 On-Campus 1 | B13: 01.10.-03.10. | C13: - Studierende kennen die Grundprinzipien der Lean-Startup-Methode | D13: - Build-Measure-Learn-Zyklus | E13: - Vorlesung | I13: Prof. Aeschbacher
A14: CW 39-40 Learning Cycle 1 | B14: 21.09.-04.10. | C14: - Studierende können Annahmen einer Geschäftsidee identifizieren | D14: - Riskante Annahmen priorisieren | E14: - Workshop | I14: Prof. Aeschbacher
A15: CW 41-42 Learning Cycle 2 | B15: 05.10.-18.10. | C15: - Studierende können Nutzerbedürfnisse validieren | D15: - Problem-Interviews | E15: - Hands-on-Übung | F15: - Durchgeführte Problem-Interviews inkl. Auswertung | G15: Pass/Fail | H15: 0 | I15: Prof. Aeschbacher
A16: CW 43 On-Campus 2 | B16: 22.10.-24.10. | D16: - Zwischenpräsentationen | E16: - Kurzpräsentationen | I16: Prof. Aeschbacher
A17: CW 44-45 Learning Cycle 3 | B17: 26.10.-08.11. | C17: - Studierende können ein Minimum Viable Product konzipieren | D17: - MVP-Design | E17: - Fallstudie | I17: Prof. Aeschbacher
A18: CW 46-47 Learning Cycle 4 | B18: 09.11.-22.11. | C18: - Studierende können einen einfachen Prototypen bauen | D18: - Low-Fidelity-Prototyping | E18: - Hands-on-Werkstatt | I18: Prof. Aeschbacher
A19: CW 48 On-Campus 3 | B19: 26.11.-28.11. | C19: - Studierende können ihr MVP am Markt testen | D19: - Testing und Iteration | E19: - Projektarbeit | I19: Prof. Aeschbacher
A20: CW 49-50 Learning Cycle 5 | B20: 30.11.-13.12. | C20: - Studierende können ihre Validierungsergebnisse dokumentieren | D20: - Finalisierung Validierungsbericht | E20: - Selbststudium | F20: - Validierungsbericht (max. 8 Seiten) | G20: Graded | H20: 0.3 | I20: Prof. Aeschbacher
A21: CW 50-51 Learning Cycle 6 | B21: 07.12.-20.12. | C21: - Studierende können ihr validiertes MVP präsentieren | D21: - Abschlusspräsentationen mit Live-Demo | E21: - Demo-Session | F21: - Live-Demo inkl. Pitch (10 Min.) | G21: Graded | H21: 0.7 | I21: Prof. Aeschbacher
A22: CW 51 On-Campus 4 | B22: 17.12.-19.12.
A24: Additional Written Exams, Group Presentations, Reports | B24: After last On-Campus

Sheet FUN
A3: Detailed Module Concept - MSc Digital Business Administration
A4: FUN - Entrepreneurial Finance Basics (3 ECTS)
A5: The detailed module concept serves as a comprehensive blueprint for structuring a module over the course of a semester. It defines the key learning goals, ensuring clear educational outcomes for students. It outlines the main content areas, providing a structured framework for effective knowledge delivery. Additionally, it specifies the responsibilities of lecturers, assigning which lecturer is responsible for delivering content in each learning cycle or on-campus session. The concept also includes the assignment structure, detailing assessments and learning activities for each phase of the module. This ensures consistency and alignment with course objectives.
A10: Explanation: | C10: Please describe the key learning goals in each LC and On-Campus session | D10: Please write a short summary of the main content in each LC and On-Campus session in bullet points | E10: Which didactic methods and teaching tools are used in each LC and On-Campus session? | F10: Please describe the assignment (if applicable) in bullet points | G10: Please choose assignment type from the drop-down menu | H10: Please select the grading percentage from the drop-down menu | I10: Please specify the lecturer responsible for each LC and On-Campus session
A12: Structural Elements | B12: Dates | C12: Learning Goals | D12: Main Content (bullet points) | E12: Didactics & Tools | F12: Description Assignment (bullet points) | G12: Assignment Type (drop down) | H12: Grading Percentage (drop down) | I12: Lecturer | J12: Comments
A13: CW 40 On-Campus 1 | B13: 01.10.-03.10. | C13: - Studierende kennen Grundlagen der Finanzplanung für Startups | D13: - Liquiditätsplanung - Runway | E13: - Vorlesung | I13: Prof. Egger
A14: CW 39-40 Learning Cycle 1 | B14: 21.09.-04.10. | D14: - Übungsaufgaben Liquiditätsplanung | E14: - Übung | I14: Prof. Egger
A15: CW 41-42 Learning Cycle 2 | B15: 05.10.-18.10. | C15: - Studierende können ein einfaches Finanzmodell erstellen | D15: - KPI-Dashboard für Startups | E15: - Fallstudie | F15: - Kennzahlen-Dashboard für ein Fallbeispiel | G15: Pass/Fail | H15: 0 | I15: Prof. Egger
A16: CW 43 On-Campus 2 | B16: 22.10.-24.10.
A17: CW 44-45 Learning Cycle 3 | B17: 26.10.-08.11. | C17: - Studierende kennen Finanzierungsquellen für frühe Phasen | D17: - Bootstrapping, Business Angels, Förderprogramme | E17: - Lesetext | I17: Prof. Egger
A18: CW 46-47 Learning Cycle 4 | B18: 09.11.-22.11.
A19: CW 48 On-Campus 3 | B19: 26.11.-28.11. | C19: - Studierende können eine Finanzierungsstruktur beurteilen | D19: - Kapitalstruktur-Analyse für Startups | E19: - Gruppenarbeit | I19: Prof. Egger
A20: CW 49-50 Learning Cycle 5 | B20: 30.11.-13.12.
A21: CW 50-51 Learning Cycle 6 | B21: 07.12.-20.12. | C21: - Studierende können ihr Finanzmodell dokumentieren | D21: - Finalisierung Finanzmodell | E21: - Selbststudium | F21: - Finanzmodell-Bericht (max. 5 Seiten) | G21: Graded | H21: 0.5 | I21: Prof. Egger
A22: CW 51 On-Campus 4 | B22: 17.12.-19.12. | D22: - Abschlusspräsentationen | E22: - Kurzpräsentationen | F22: - Präsentation (8 Min.) | G22: Graded | H22: 0.5 | I22: Prof. Egger
A24: Additional Written Exams, Group Presentations, Reports | B24: After last On-Campus

Sheet TWK
A3: Detailed Module Concept - MSc Digital Business Administration
A4: TWK - Teamwork & Founder Dynamics (3 ECTS)
A5: The detailed module concept serves as a comprehensive blueprint for structuring a module over the course of a semester. It defines the key learning goals, ensuring clear educational outcomes for students. It outlines the main content areas, providing a structured framework for effective knowledge delivery. Additionally, it specifies the responsibilities of lecturers, assigning which lecturer is responsible for delivering content in each learning cycle or on-campus session. The concept also includes the assignment structure, detailing assessments and learning activities for each phase of the module. This ensures consistency and alignment with course objectives.
A10: Explanation: | C10: Please describe the key learning goals in each LC and On-Campus session | D10: Please write a short summary of the main content in each LC and On-Campus session in bullet points | E10: Which didactic methods and teaching tools are used in each LC and On-Campus session? | F10: Please describe the assignment (if applicable) in bullet points | G10: Please choose assignment type from the drop-down menu | H10: Please select the grading percentage from the drop-down menu | I10: Please specify the lecturer responsible for each LC and On-Campus session
A12: Structural Elements | B12: Dates | C12: Learning Goals | D12: Main Content (bullet points) | E12: Didactics & Tools | F12: Description Assignment (bullet points) | G12: Assignment Type (drop down) | H12: Grading Percentage (drop down) | I12: Lecturer | J12: Comments
A13: CW 40 On-Campus 1 | B13: 01.10.-03.10. | C13: - Studierende verstehen Grundprinzipien von Gründerteams | D13: - Rollenverteilung im Gründerteam | E13: - Vorlesung | I13: Prof. Chapuis
A14: CW 39-40 Learning Cycle 1 | B14: 21.09.-04.10. | D14: - Kennenlern-Übung - Erwartungsmanagement | E14: - Gruppenübung | I14: Prof. Chapuis
A15: CW 41-42 Learning Cycle 2 | B15: 05.10.-18.10. | C15: - Studierende kennen Grundlagen psychologischer Sicherheit | D15: - Psychologische Sicherheit nach Edmondson | E15: - Lesetext - Diskussion | I15: Prof. Chapuis
A16: CW 43 On-Campus 2 | B16: 22.10.-24.10.
A17: CW 44-45 Learning Cycle 3 | B17: 26.10.-08.11. | C17: - Studierende können Feedbackgespräche strukturiert führen | D17: - Feedbackmodelle - Rollenspiele | E17: - Rollenspiel in Kleingruppen | I17: Prof. Chapuis
A18: CW 46-47 Learning Cycle 4 | B18: 09.11.-22.11.
A19: CW 48 On-Campus 3 | B19: 26.11.-28.11. | C19: - Studierende können Konflikte in Gründerteams bearbeiten | D19: - Konfliktmanagement unter Gründerpartnern | E19: - Fallstudie | I19: Prof. Chapuis
A20: CW 49-50 Learning Cycle 5 | B20: 30.11.-13.12.
A21: CW 50-51 Learning Cycle 6 | B21: 07.12.-20.12. | C21: - Studierende können eine Gründervereinbarung skizzieren | D21: - Finalisierung Gründervereinbarung | E21: - Selbststudium | F21: - Gründervereinbarung-Entwurf (max. 3 Seiten) | G21: Graded | H21: 1 | I21: Prof. Chapuis
A22: CW 51 On-Campus 4 | B22: 17.12.-19.12. | D22: - Abschlussdiskussion in Kleingruppen | E22: - Gruppendiskussion | I22: Prof. Chapuis
A24: Additional Written Exams, Group Presentations, Reports | B24: After last On-Campus

Sheet Module Coordination
A2: Module Coordination
A3: Overview of Main Content per Learning Cycle across all modules of the semester - used to spot unintended overlaps and coordinate workload.
A5: Structural Elements | B5: Dates | C5: ENF - Entrepreneurship Foundations | D5: LNP - Lean Startup & Validation | E5: FUN - Entrepreneurial Finance Basics | F5: TWK - Teamwork & Founder Dynamics
A6: CW 40 On-Campus 1 | B6: 01.10.-03.10. | C6: =ENF!D13 -> - Entrepreneurial Mindset - Chancenerkennung | D6: =LNP!D13 -> - Build-Measure-Learn-Zyklus | E6: =FUN!D13 -> - Liquiditätsplanung - Runway | F6: =TWK!D13 -> - Rollenverteilung im Gründerteam
A7: CW 39-40 Learning Cycle 1 | B7: 21.09.-04.10. | C7: =ENF!D14 -> - Gründertypologien | D7: =LNP!D14 -> - Riskante Annahmen priorisieren | E7: =FUN!D14 -> - Übungsaufgaben Liquiditätsplanung | F7: =TWK!D14 -> - Kennenlern-Übung - Erwartungsmanagement
A8: CW 41-42 Learning Cycle 2 | B8: 05.10.-18.10. | C8: =ENF!D15 -> - Business Model Canvas - Value Proposition Design | D8: =LNP!D15 -> - Problem-Interviews | E8: =FUN!D15 -> - KPI-Dashboard für Startups | F8: =TWK!D15 -> - Psychologische Sicherheit nach Edmondson
A9: CW 43 On-Campus 2 | B9: 22.10.-24.10. | C9: =ENF!D16 -> - Präsentation der Canvas-Entwürfe - Peer-Feedback | D9: =LNP!D16 -> - Zwischenpräsentationen | E9: =FUN!D16 -> 0 | F9: =TWK!D16 -> 0
A10: CW 44-45 Learning Cycle 3 | B10: 26.10.-08.11. | C10: =ENF!D17 -> - Marktattraktivität - Machbarkeitsprüfung | D10: =LNP!D17 -> - MVP-Design | E10: =FUN!D17 -> - Bootstrapping, Business Angels, Förderprogramme | F10: =TWK!D17 -> - Feedbackmodelle - Rollenspiele
A11: CW 46-47 Learning Cycle 4 | B11: 09.11.-22.11. | C11: =ENF!D18 -> - Risikofaktoren einer Gründungsidee | D11: =LNP!D18 -> - Low-Fidelity-Prototyping | E11: =FUN!D18 -> 0 | F11: =TWK!D18 -> 0
A12: CW 48 On-Campus 3 | B12: 26.11.-28.11. | C12: =ENF!D19 -> - Einzelfirma, GmbH, AG im Vergleich | D12: =LNP!D19 -> - Testing und Iteration | E12: =FUN!D19 -> - Kapitalstruktur-Analyse für Startups | F12: =TWK!D19 -> - Konfliktmanagement unter Gründerpartnern
A13: CW 49-50 Learning Cycle 5 | B13: 30.11.-13.12. | C13: =ENF!D20 -> - Handelsregister - Gründungsschritte | D13: =LNP!D20 -> - Finalisierung Validierungsbericht | E13: =FUN!D20 -> 0 | F13: =TWK!D20 -> 0
A14: CW 50-51 Learning Cycle 6 | B14: 07.12.-20.12. | C14: =ENF!D21 -> - Finalisierung Gründungskonzept | D14: =LNP!D21 -> - Abschlusspräsentationen mit Live-Demo | E14: =FUN!D21 -> - Finalisierung Finanzmodell | F14: =TWK!D21 -> - Finalisierung Gründervereinbarung
A15: CW 51 On-Campus 4 | B15: 17.12.-19.12. | C15: =ENF!D22 -> - Abschlusspräsentationen | D15: =LNP!D22 -> 0 | E15: =FUN!D22 -> - Abschlusspräsentationen | F15: =TWK!D22 -> - Abschlussdiskussion in Kleingruppen
A17: Total ECTS this semester | C17: =SUM(C18:F18) -> 18
C18: 6 | D18: 6 | E18: 3 | F18: 3

Sheet Parameters
A1: Assignment Percentage | C1: Assignment Type
A2: 0 | C2: Graded
A3: 0.05 | C3: Pass/Fail
A4: 0.1 | C4: Non-graded
A5: 0.15
A6: 0.2
A7: 0.25
A8: 0.3
A9: 0.35
A10: 0.4
A11: 0.45
A12: 0.5
A13: 0.55
A14: 0.6
A15: 0.65
A16: 0.7
... A22: 1
