Workbook

Sheet TIN
A3: Detailed Module Concept - MSc Digital Business Administration
A4: TIN - Technology & Innovation (6 ECTS)
A5: The detailed module concept serves as a comprehensive blueprint for structuring a module over the course of a semester. It defines the key learning goals, ensuring clear educational outcomes for students. It outlines the main content areas, providing a structured framework for effective knowledge delivery. Additionally, it specifies the responsibilities of lecturers, assigning which lecturer is responsible for delivering content in each learning cycle or on-campus session. The concept also includes the assignment structure, detailing assessments and learning activities for each phase of the module. This ensures consistency and alignment with course objectives.
A10: Explanation: | C10: Please describe the key learning goals in each LC and On-Campus session | D10: Please write a short summary of the main content in each LC and On-Campus session in bullet points | E10: Which didactic methods and teaching tools are used in each LC and On-Campus session? | F10: Please describe the assignment (if applicable) in bullet points | G10: Please choose assignment type from the drop-down menu | H10: Please select the grading percentage from the drop-down menu | I10: Please specify the lecturer responsible for each LC and On-Campus session
A12: Structural Elements | B12: Dates | C12: Learning Goals | D12: Main Content (bullet points) | E12: Didactics & Tools | F12: Description Assignment (bullet points) | G12: Assignment Type (drop down) | H12: Grading Percentage (drop down) | I12: Lecturer | J12: Comments
A13: CW 9 On-Campus 1 | B13: 04.03.-06.03. | C13: - Studierende kennen aktuelle Technologietrends mit Geschäftsrelevanz | D13: - Überblick Emerging Technologies | E13: - Vorlesung - Gastvorträge | I13: Prof. Aeschbacher
A14: CW 8-9 Learning Cycle 1 | B14: 22.02.-07.03. | D14: - Technologie-Pitches in Kleingruppen | E14: - Kurzpräsentationen | I14: Prof. Aeschbacher
A15: CW 10-11 Learning Cycle 2 | B15: 08.03.-21.03. | C15: - Studierende können eine Technologie hinsichtlich Geschäftspotenzial einschätzen | D15: - Technology-Readiness-Level - Business-Potenzial-Analyse | E15: - Fallstudie | F15: - Kurzanalyse einer gewählten Technologie | G15: Pass/Fail | H15: 0 | I15: Prof. Aeschbacher
A16: CW 12 On-Campus 2 | B16: 25.03.-27.03.
A17: CW 13-14 Learning Cycle 3 | B17: 29.03.-11.04. | C17: - Studierende kennen Grundprinzipien des Design-Thinking-Prozesses | D17: - Design-Thinking-Phasen | E17: - Workshop | I17: Prof. Aeschbacher
A18: CW 15-16 Learning Cycle 4 | B18: 12.04.-25.04. | C18: - Studierende können einen Prototypen für eine Technologieanwendung entwickeln | D18: - Prototyping-Grundlagen | E18: - Hands-on-Werkstatt | I18: Prof. Aeschbacher
A19: CW 17 On-Campus 3 | B19: 29.04.-01.05.
A20: CW 18-19 Learning Cycle 5 | B20: 03.05.-16.05. | C20: - Studierende können ihren Prototyp anhand von Nutzerfeedback weiterentwickeln | D20: - Testing und Iteration | E20: - Projektarbeit | I20: Prof. Aeschbacher
A21: CW 19-20 Learning Cycle 6 | B21: 10.05.-23.05. | C21: - Studierende können ihr Innovationsprojekt vollständig dokumentieren | D21: - Finalisierung Projektdokumentation | E21: - Selbststudium | F21: - Projektdokumentation (max. 10 Seiten) | G21: Graded | H21: 0.4 | I21: Prof. Aeschbacher
A22: CW 20 On-Campus 4 | B22: 20.05.-22.05. | C22: - Studierende können ihren Prototyp live demonstrieren | D22: - Abschlusspräsentationen mit Live-Demo | E22: - Demo-Session | F22: - Live-Demo inkl. Pitch (10 Min.) | G22: Graded | H22: 0.6 | I22: Prof. Aeschbacher
A24: Additional Written Exams, Group Presentations, Reports | B24: After last On-Campus

Sheet IPM
A3: Detailed Module Concept - MSc Digital Business Administration
A4: IPM - Innovation Portfolio Management (3 ECTS)
A5: The detailed module concept serves as a comprehensive blueprint for structuring a module over the course of a semester. It defines the key learning goals, ensuring clear educational outcomes for students. It outlines the main content areas, providing a structured framework for effective knowledge delivery. Additionally, it specifies the responsibilities of lecturers, assigning which lecturer is responsible for delivering content in each learning cycle or on-campus session. The concept also includes the assignment structure, detailing assessments and learning activities for each phase of the module. This ensures consistency and alignment with course objectives.
A10: Explanation: | C10: Please describe the key learning goals in each LC and On-Campus session | D10: Please write a short summary of the main content in each LC and On-Campus session in bullet points | E10: Which didactic methods and teaching tools are used in each LC and On-Campus session? | F10: Please describe the assignment (if applicable) in bullet points | G10: Please choose assignment type from the drop-down menu | H10: Please select the grading percentage from the drop-down menu | I10: Please specify the lecturer responsible for each LC and On-Campus session
A12: Structural Elements | B12: Dates | C12: Learning Goals | D12: Main Content (bullet points) | E12: Didactics & Tools | F12: Description Assignment (bullet points) | G12: Assignment Type (drop down) | H12: Grading Percentage (drop down) | I12: Lecturer | J12: Comments
A13: CW 9 On-Campus 1 | B13: 04.03.-06.03. | C13: - Studierende kennen Grundlagen des Innovationsportfolio-Managements | D13: - Portfoliostrategien - Ambidextrie | E13: - Vorlesung | I13: Prof. Baumann
A14: CW 8-9 Learning Cycle 1 | B14: 22.02.-07.03. | D14: - Fallbeispiel Portfoliobewertung | E14: - Diskussion | I14: Prof. Baumann
A15: CW 10-11 Learning Cycle 2 | B15: 08.03.-21.03. | C15: - Studierende können ein Innovationsportfolio bewerten | D15: - Portfolio-Matrix anwenden | E15: - Fallstudie | F15: - Portfolio-Bewertung für ein Fallbeispiel | G15: Pass/Fail | H15: 0 | I15: Prof. Baumann
A16: CW 12 On-Campus 2 | B16: 25.03.-27.03.
A17: CW 13-14 Learning Cycle 3 | B17: 29.03.-11.04. | C17: - Studierende kennen Ressourcenallokations-Modelle | D17: - Ressourcenallokation zwischen Kernbereich und Exploration | E17: - Lesetext | I17: Prof. Baumann
A18: CW 15-16 Learning Cycle 4 | B18: 12.04.-25.04.
A19: CW 17 On-Campus 3 | B19: 29.04.-01.05. | C19: - Studierende können ein Portfolio-Rebalancing vorschlagen | D19: - Rebalancing-Übung | E19: - Gruppenarbeit | I19: Prof. Baumann
A20: CW 18-19 Learning Cycle 5 | B20: 03.05.-16.05.
A21: CW 19-20 Learning Cycle 6 | B21: 10.05.-23.05. | C21: - Studierende können ein Portfolio-Konzept ausarbeiten | D21: - Finalisierung Portfolio-Konzept | E21: - Selbststudium | F21: - Portfolio-Konzeptpapier (max. 4 Seiten) | G21: Graded | H21: 1 | I21: Prof. Baumann
A22: CW 20 On-Campus 4 | B22: 20.05.-22.05. | D22: - Abschlussdiskussion | E22: - Plenumsdiskussion | I22: Prof. Baumann
A24: Additional Written Exams, Group Presentations, Reports | B24: After last On-Campus

Sheet UXR
A3: Detailed Module Concept - MSc Digital Business Administration
A4: UXR - User Experience Research (3 ECTS)
A5: The detailed module concept serves as a comprehensive blueprint for structuring a module over the course of a semester. It defines the key learning goals, ensuring clear educational outcomes for students. It outlines the main content areas, providing a structured framework for effective knowledge delivery. Additionally, it specifies the responsibilities of lecturers, assigning which lecturer is responsible for delivering content in each learning cycle or on-campus session. The concept also includes the assignment structure, detailing assessments and learning activities for each phase of the module. This ensures consistency and alignment with course objectives.
A10: Explanation: | C10: Please describe the key learning goals in each LC and On-Campus session | D10: Please write a short summary of the main content in each LC and On-Campus session in bullet points | E10: Which didactic methods and teaching tools are used in each LC and On-Campus session? | F10: Please describe the assignment (if applicable) in bullet points | G10: Please choose assignment type from the drop-down menu | H10: Please select the grading percentage from the drop-down menu | I10: Please specify the lecturer responsible for each LC and On-Campus session
A12: Structural Elements | B12: Dates | C12: Learning Goals | D12: Main Content (bullet points) | E12: Didactics & Tools | F12: Description Assignment (bullet points) | G12: Assignment Type (drop down) | H12: Grading Percentage (drop down) | I12: Lecturer | J12: Comments
A13: CW 9 On-Campus 1 | B13: 04.03.-06.03. | C13: - Studierende kennen Grundlagen der Customer Journey | D13: - Customer-Journey-Mapping | E13: - Vorlesung | I13: Prof. Chapuis
A14: CW 8-9 Learning Cycle 1 | B14: 22.02.-07.03. | D14: - Journey-Map eines Fallbeispiels | E14: - Gruppenübung | I14: Prof. Chapuis
A15: CW 10-11 Learning Cycle 2 | B15: 08.03.-21.03. | C15: - Studierende können Touchpoints kritisch bewerten | D15: - Touchpoint-Analyse | E15: - Fallstudie | F15: - Touchpoint-Analyse für ein selbst gewähltes Produkt | G15: Pass/Fail | H15: 0 | I15: Prof. Chapuis
A16: CW 12 On-Campus 2 | B16: 25.03.-27.03.
A17: CW 13-14 Learning Cycle 3 | B17: 29.03.-11.04. | C17: - Studierende kennen qualitative UX-Research-Methoden | D17: - Usability-Tests - Think-Aloud-Protokolle | E17: - Lesetext | I17: Prof. Chapuis
A18: CW 15-16 Learning Cycle 4 | B18: 12.04.-25.04.
A19: CW 17 On-Campus 3 | B19: 29.04.-01.05. | C19: - Studierende können einen Usability-Test durchführen | D19: - Durchführung eines Usability-Tests | E19: - Hands-on-Übung | I19: Prof. Chapuis
A20: CW 18-19 Learning Cycle 5 | B20: 03.05.-16.05.
A21: CW 19-20 Learning Cycle 6 | B21: 10.05.-23.05. | C21: - Studierende können UX-Befunde dokumentieren | D21: - Finalisierung UX-Research-Bericht | E21: - Selbststudium | F21: - UX-Research-Bericht (max. 5 Seiten) | G21: Graded | H21: 1 | I21: Prof. Chapuis
A22: CW 20 On-Campus 4 | B22: 20.05.-22.05. | D22: - Abschlussdiskussion | E22: - Plenumsdiskussion | I22: Prof. Chapuis
A24: Additional Written Exams, Group Presentations, Reports | B24: After last On-Campus

Sheet IME
A3: Detailed Module Concept - MSc Digital Business Administration
A4: IME - Innovation Metrics & Evaluation (6 ECTS)
A5: The detailed module concept serves as a comprehensive blueprint for structuring a module over the course of a semester. It defines the key learning goals, ensuring clear educational outcomes for students. It outlines the main content areas, providing a structured framework for effective knowledge delivery. Additionally, it specifies the responsibilities of lecturers, assigning which lecturer is responsible for delivering content in each learning cycle or on-campus session. The concept also includes the assignment structure, detailing assessments and learning activities for each phase of the module. This ensures consistency and alignment with course objectives.
A10: Explanation: | C10: Please describe the key learning goals in each LC and On-Campus session | D10: Please write a short summary of the main content in each LC and On-Campus session in bullet points | E10: Which didactic methods and teaching tools are used in each LC and On-Campus session? | F10: Please describe the assignment (if applicable) in bullet points | G10: Please choose assignment type from the drop-down menu | H10: Please select the grading percentage from the drop-down menu | I10: Please specify the lecturer responsible for each LC and On-Campus session
A12: Structural Elements | B12: Dates | C12: Learning Goals | D12: Main Content (bullet points) | E12: Didactics & Tools | F12: Description Assignment (bullet points) | G12: Assignment Type (drop down) | H12: Grading Percentage (drop down) | I12: Lecturer | J12: Comments
A13: CW 9 On-Campus 1 | B13: 04.03.-06.03. | C13: - Studierende kennen zentrale Innovations-Kennzahlen | D13: - Time-to-Market, Innovationsrate, KPI-Dashboard | E13: - Vorlesung | I13: Prof. Egger
A14: CW 8-9 Learning Cycle 1 | B14: 22.02.-07.03. | C14: - Studierende können deskriptive Statistik anwenden | D14: - Lage- und Streuungsmasse - Visualisierung von Verteilungen | E14: - Übungsdatensatz | F14: - Deskriptive Auswertung eines Innovationsdatensatzes | G14: Pass/Fail | H14: 0 | I14: Prof. Egger
A15: CW 10-11 Learning Cycle 2 | B15: 08.03.-21.03. | C15: - Studierende können Hypothesen formulieren und testen | D15: - t-Test - Signifikanzniveau - p-Wert-Interpretation | E15: - Übungsaufgaben | I15: Prof. Egger
A16: CW 12 On-Campus 2 | B16: 25.03.-27.03. | D16: - Zwischenpräsentationen | E16: - Kurzpräsentationen | I16: Prof. Egger
A17: CW 13-14 Learning Cycle 3 | B17: 29.03.-11.04. | C17: - Studierende kennen Grundlagen der Regressionsanalyse | D17: - Lineare Regression - Modellgüte (R²) | E17: - Fallstudie | I17: Prof. Egger
A18: CW 15-16 Learning Cycle 4 | B18: 12.04.-25.04. | C18: - Studierende können A/B-Test-Ergebnisse auswerten | D18: - Auswertung eines bereitgestellten A/B-Test-Datensatzes | E18: - Statistik-Software | F18: - A/B-Test-Auswertung inkl. Empfehlung | G18: Graded | H18: 0.25 | I18: Prof. Egger
A19: CW 17 On-Campus 3 | B19: 29.04.-01.05. | C19: - Studierende können ein Innovations-Dashboard konzipieren | D19: - Dashboard-Design-Prinzipien - Kennzahlenauswahl | E19: - Werkzeug-Demo | I19: Prof. Egger
A20: CW 18-19 Learning Cycle 5 | B20: 03.05.-16.05. | C20: - Studierende können ihr Messkonzept ausarbeiten | D20: - Finalisierung Messkonzept | E20: - Projektarbeit | F20: - Messkonzept-Bericht (max. 8 Seiten) | G20: Graded | H20: 0.3 | I20: Prof. Egger
A21: CW 19-20 Learning Cycle 6 | B21: 10.05.-23.05. | C21: - Studierende können ihr Messkonzept adressatengerecht präsentieren | D21: - Abschlusspräsentationen | E21: - Gruppenpräsentationen | F21: - Abschlusspräsentation (10 Min.) | G21: Graded | H21: 0.45 | I21: Prof. Egger
A22: CW 20 On-Campus 4 | B22: 20.05.-22.05.
A24: Additional Written Exams, Group Presentations, Reports | B24: After last On-Campus

Sheet Module Coordination
A2: Module Coordination
A3: Overview of Main Content per Learning Cycle across all modules of the semester - used to spot unintended overlaps and coordinate workload.
A5: Structural Elements | B5: Dates | C5: TIN - Technology & Innovation | D5: IPM - Innovation Portfolio Management | E5: UXR - User Experience Research | F5: IME - Innovation Metrics & Evaluation
A6: CW 9 On-Campus 1 | B6: 04.03.-06.03. | C6: =TIN!D13 -> - Überblick Emerging Technologies | D6: =IPM!D13 -> - Portfoliostrategien - Ambidextrie | E6: =UXR!D13 -> - Customer-Journey-Mapping | F6: =IME!D13 -> - Time-to-Market, Innovationsrate, KPI-Dashboard
A7: CW 8-9 Learning Cycle 1 | B7: 22.02.-07.03. | C7: =TIN!D14 -> - Technologie-Pitches in Kleingruppen | D7: =IPM!D14 -> - Fallbeispiel Portfoliobewertung | E7: =UXR!D14 -> - Journey-Map eines Fallbeispiels | F7: =IME!D14 -> - Lage- und Streuungsmasse - Visualisierung von Verteilungen
A8: CW 10-11 Learning Cycle 2 | B8: 08.03.-21.03. | C8: =TIN!D15 -> - Technology-Readiness-Level - Business-Potenzial-Analyse | D8: =IPM!D15 -> - Portfolio-Matrix anwenden | E8: =UXR!D15 -> - Touchpoint-Analyse | F8: =IME!D15 -> - t-Test - Signifikanzniveau - p-Wert-Interpretation
A9: CW 12 On-Campus 2 | B9: 25.03.-27.03. | C9: =TIN!D16 -> 0 | D9: =IPM!D16 -> 0 | E9: =UXR!D16 -> 0 | F9: =IME!D16 -> - Zwischenpräsentationen
A10: CW 13-14 Learning Cycle 3 | B10: 29.03.-11.04. | C10: =TIN!D17 -> - Design-Thinking-Phasen | D10: =IPM!D17 -> - Ressourcenallokation zwischen Kernbereich und Exploration | E10: =UXR!D17 -> - Usability-Tests - Think-Aloud-Protokolle | F10: =IME!D17 -> - Lineare Regression - Modellgüte (R²)
A11: CW 15-16 Learning Cycle 4 | B11: 12.04.-25.04. | C11: =TIN!D18 -> - Prototyping-Grundlagen | D11: =IPM!D18 -> 0 | E11: =UXR!D18 -> 0 | F11: =IME!D18 -> - Auswertung eines bereitgestellten A/B-Test-Datensatzes
A12: CW 17 On-Campus 3 | B12: 29.04.-01.05. | C12: =TIN!D19 -> 0 | D12: =IPM!D19 -> - Rebalancing-Übung | E12: =UXR!D19 -> - Durchführung eines Usability-Tests | F12: =IME!D19 -> - Dashboard-Design-Prinzipien - Kennzahlenauswahl
A13: CW 18-19 Learning Cycle 5 | B13: 03.05.-16.05. | C13: =TIN!D20 -> - Testing und Iteration | D13: =IPM!D20 -> 0 | E13: =UXR!D20 -> 0 | F13: =IME!D20 -> - Finalisierung Messkonzept
A14: CW 19-20 Learning Cycle 6 | B14: 10.05.-23.05. | C14: =TIN!D21 -> - Finalisierung Projektdokumentation | D14: =IPM!D21 -> - Finalisierung Portfolio-Konzept | E14: =UXR!D21 -> - Finalisierung UX-Research-Bericht | F14: =IME!D21 -> - Abschlusspräsentationen
A15: CW 20 On-Campus 4 | B15: 20.05.-22.05. | C15: =TIN!D22 -> - Abschlusspräsentationen mit Live-Demo | D15: =IPM!D22 -> - Abschlussdiskussion | E15: =UXR!D22 -> - Abschlussdiskussion | F15: =IME!D22 -> 0
A17: Total ECTS this semester | C17: =SUM(C18:F18) -> 18
C18: 6 | D18: 3 | E18: 3 | F18: 6

Sheet Parameters
A1: Assignment Percentage | C1: Assignment Type
A2: 0 | C2: Graded
A3: 0.05 | C3: Pass/Fail
A4: 0.1 | C4: Non-graded
A5: 0.15
A6: 0.2
A7: 0.25
A8: 0.3
A9: 0.35
A10: 0.4
A11: 0.45
A12: 0.5
A13: 0.55
A14: 0.6
A15: 0.65
A16: 0.7
... A22: 1
