Workbook

Sheet INC
A3: Detailed Module Concept - MSc Digital Business Administration
A4: INC - Innovation Culture & Change (3 ECTS)
A5: The detailed module concept serves as a comprehensive blueprint for structuring a module over the course of a semester. It defines the key learning goals, ensuring clear educational outcomes for students. It outlines the main content areas, providing a structured framework for effective knowledge delivery. Additionally, it specifies the responsibilities of lecturers, assigning which lecturer is responsible for delivering content in each learning cycle or on-campus session. The concept also includes the assignment structure, detailing assessments and learning activities for each phase of the module. This ensures consistency and alignment with course objectives.
A10: Explanation: | C10: Please describe the key learning goals in each LC and On-Campus session | D10: Please write a short summary of the main content in each LC and On-Campus session in bullet points | E10: Which didactic methods and teaching tools are used in each LC and On-Campus session? | F10: Please describe the assignment (if applicable) in bullet points | G10: Please choose assignment type from the drop-down menu | H10: Please select the grading percentage from the drop-down menu | I10: Please specify the lecturer responsible for each LC and On-Campus session
A12: Structural Elements | B12: Dates | C12: Learning Goals | D12: Main Content (bullet points) | E12: Didactics & Tools | F12: Description Assignment (bullet points) | G12: Assignment Type (drop down) | H12: Grading Percentage (drop down) | I12: Lecturer | J12: Comments
A13: CW 40 On-Campus 1 | B13: 07.10.-09.10. | C13: - Studierende kennen Grundmodelle situativer Führung in Innovationsteams | D13: - Führungsstile im Überblick | E13: - Vorlesung | I13: Prof. Dubois
A14: CW 39-40 Learning Cycle 1 | B14: 27.09.-10.10. | D14: - Kennenlernen - Erwartungsmanagement | E14: - Gruppenübung | I14: Prof. Dubois
A15: CW 41-42 Learning Cycle 2 | B15: 11.10.-24.10. | C15: - Studierende kennen Grundlagen psychologischer Sicherheit | D15: - Psychologische Sicherheit nach Edmondson | E15: - Lesetext - Diskussion | I15: Prof. Dubois
A16: CW 43 On-Campus 2 | B16: 28.10.-30.10.
A17: CW 44-45 Learning Cycle 3 | B17: 01.11.-14.11. | C17: - Studierende können Feedbackgespräche strukturiert führen | D17: - Feedbackmodelle - Rollenspiele | E17: - Rollenspiel in Kleingruppen | I17: Prof. Dubois
A18: CW 46-47 Learning Cycle 4 | B18: 15.11.-28.11.
A19: CW 48 On-Campus 3 | B19: 02.12.-04.12. | C19: - Studierende kennen Merkmale innovationsfördernder Unternehmenskultur | D19: - Fehlerkultur - Experimentierfreude | E19: - Gruppenarbeit | I19: Prof. Dubois
A20: CW 49-50 Learning Cycle 5 | B20: 06.12.-19.12.
A21: CW 50-51 Learning Cycle 6 | B21: 13.12.-26.12. | C21: - Studierende können ein Kulturwandel-Konzept ausarbeiten | D21: - Finalisierung Kulturwandel-Konzept | E21: - Selbststudium | F21: - Kulturwandel-Konzeptpapier (max. 4 Seiten) | G21: Graded | H21: 1 | I21: Prof. Dubois
A22: CW 51 On-Campus 4 | B22: 23.12.-25.12. | D22: - Abschlussdiskussion in Kleingruppen | E22: - Gruppendiskussion | I22: Prof. Dubois
A24: Additional Written Exams, Group Presentations, Reports | B24: After last On-Campus

Sheet SUS
A3: Detailed Module Concept - MSc Digital Business Administration
A4: SUS - Sustainable Innovation & Ethics (3 ECTS)
A5: The detailed module concept serves as a comprehensive blueprint for structuring a module over the course of a semester. It defines the key learning goals, ensuring clear educational outcomes for students. It outlines the main content areas, providing a structured framework for effective knowledge delivery. Additionally, it specifies the responsibilities of lecturers, assigning which lecturer is responsible for delivering content in each learning cycle or on-campus session. The concept also includes the assignment structure, detailing assessments and learning activities for each phase of the module. This ensures consistency and alignment with course objectives.
A10: Explanation: | C10: Please describe the key learning goals in each LC and On-Campus session | D10: Please write a short summary of the main content in each LC and On-Campus session in bullet points | E10: Which didactic methods and teaching tools are used in each LC and On-Campus session? | F10: Please describe the assignment (if applicable) in bullet points | G10: Please choose assignment type from the drop-down menu | H10: Please select the grading percentage from the drop-down menu | I10: Please specify the lecturer responsible for each LC and On-Campus session
A12: Structural Elements | B12: Dates | C12: Learning Goals | D12: Main Content (bullet points) | E12: Didactics & Tools | F12: Description Assignment (bullet points) | G12: Assignment Type (drop down) | H12: Grading Percentage (drop down) | I12: Lecturer | J12: Comments
A13: CW 40 On-Campus 1 | B13: 07.10.-09.10. | C13: - Studierende kennen zentrale ethische Fragestellungen bei Innovationsprojekten | D13: - Bias, Fairness, Transparenz, Verantwortlichkeit | E13: - Vorlesung | I13: Prof. Chapuis
A14: CW 39-40 Learning Cycle 1 | B14: 27.09.-10.10. | D14: - Diskussion eines aktuellen Ethik-Falls | E14: - Plenumsdiskussion | I14: Prof. Chapuis
A15: CW 41-42 Learning Cycle 2 | B15: 11.10.-24.10. | C15: - Studierende können Compliance-Risiken einer Innovation einschätzen | D15: - Compliance-Checkliste anwenden | E15: - Fallstudie | F15: - Compliance-Kurzcheck für ein Fallbeispiel | G15: Pass/Fail | H15: 0 | I15: Prof. Chapuis
A16: CW 43 On-Campus 2 | B16: 28.10.-30.10.
A17: CW 44-45 Learning Cycle 3 | B17: 01.11.-14.11. | C17: - Studierende kennen regulatorische Rahmenwerke (u. a. EU AI Act) | D17: - EU AI Act im Überblick - Risikoklassen | E17: - Lesetext | I17: Prof. Chapuis
A18: CW 46-47 Learning Cycle 4 | B18: 15.11.-28.11.
A19: CW 48 On-Campus 3 | B19: 02.12.-04.12. | C19: - Studierende können ein Nachhaltigkeits-Assessment durchführen | D19: - Anwendung Assessment-Raster auf ein Fallbeispiel | E19: - Gruppenarbeit | I19: Prof. Chapuis
A20: CW 49-50 Learning Cycle 5 | B20: 06.12.-19.12.
A21: CW 50-51 Learning Cycle 6 | B21: 13.12.-26.12. | C21: - Studierende können ein Nachhaltigkeits-Assessment vollständig dokumentieren | D21: - Finalisierung Assessment-Bericht | E21: - Selbststudium | F21: - Assessment-Bericht (max. 5 Seiten) | G21: Graded | H21: 1 | I21: Prof. Chapuis
A22: CW 51 On-Campus 4 | B22: 23.12.-25.12. | D22: - Abschlussdiskussion und Ausblick | E22: - Plenumsdiskussion | I22: Prof. Chapuis
A24: Additional Written Exams, Group Presentations, Reports | B24: After last On-Campus

Sheet SCA
A3: Detailed Module Concept - MSc Digital Business Administration
A4: SCA - Scaling Innovations (6 ECTS)
A5: The detailed module concept serves as a comprehensive blueprint for structuring a module over the course of a semester. It defines the key learning goals, ensuring clear educational outcomes for students. It outlines the main content areas, providing a structured framework for effective knowledge delivery. Additionally, it specifies the responsibilities of lecturers, assigning which lecturer is responsible for delivering content in each learning cycle or on-campus session. The concept also includes the assignment structure, detailing assessments and learning activities for each phase of the module. This ensures consistency and alignment with course objectives.
A10: Explanation: | C10: Please describe the key learning goals in each LC and On-Campus session | D10: Please write a short summary of the main content in each LC and On-Campus session in bullet points | E10: Which didactic methods and teaching tools are used in each LC and On-Campus session? | F10: Please describe the assignment (if applicable) in bullet points | G10: Please choose assignment type from the drop-down menu | H10: Please select the grading percentage from the drop-down menu | I10: Please specify the lecturer responsible for each LC and On-Campus session
A12: Structural Elements | B12: Dates | C12: Learning Goals | D12: Main Content (bullet points) | E12: Didactics & Tools | F12: Description Assignment (bullet points) | G12: Assignment Type (drop down) | H12: Grading Percentage (drop down) | I12: Lecturer | J12: Comments
A13: CW 40 On-Campus 1 | B13: 07.10.-09.10. | C13: - Studierende kennen Herausforderungen beim Skalieren von Innovationen | D13: - Skalierungsbarrieren - Organisationsdesign für Wachstum | E13: - Vorlesung | I13: Prof. Aeschbacher
A14: CW 39-40 Learning Cycle 1 | B14: 27.09.-10.10. | D14: - Fallbeispiel gescheiterte Skalierung | E14: - Diskussion | I14: Prof. Aeschbacher
A15: CW 41-42 Learning Cycle 2 | B15: 11.10.-24.10. | C15: - Studierende können einen Skalierungsplan grob konzipieren | D15: - Skalierungsstrategien im Überblick | E15: - Gruppenarbeit | F15: - Skalierungsplan-Skizze | G15: Pass/Fail | H15: 0 | I15: Prof. Aeschbacher
A16: CW 43 On-Campus 2 | B16: 28.10.-30.10. | D16: - Zwischenpräsentationen | E16: - Kurzpräsentationen | I16: Prof. Aeschbacher
A17: CW 44-45 Learning Cycle 3 | B17: 01.11.-14.11. | C17: - Studierende kennen Finanzierungsformen für Skalierung | D17: - Wachstumsfinanzierung - Serie-A/B-Finanzierungsrunden | E17: - Lesetext | I17: Prof. Aeschbacher
A18: CW 46-47 Learning Cycle 4 | B18: 15.11.-28.11. | C18: - Studierende können operative Skalierungshürden analysieren | D18: - Prozess- und Systemskalierung | E18: - Fallstudie | I18: Prof. Aeschbacher
A19: CW 48 On-Campus 3 | B19: 02.12.-04.12. | C19: - Studierende können internationale Skalierungsoptionen bewerten | D19: - Internationalisierung als Skalierungshebel | E19: - Gruppenarbeit | I19: Prof. Aeschbacher
A20: CW 49-50 Learning Cycle 5 | B20: 06.12.-19.12. | C20: - Studierende können ihren Skalierungsplan konsolidieren | D20: - Finalisierung Skalierungsplan | E20: - Selbststudium | F20: - Skalierungsplan (max. 10 Seiten) | G20: Graded | H20: 0.3 | I20: Prof. Aeschbacher
A21: CW 50-51 Learning Cycle 6 | B21: 13.12.-26.12. | C21: - Studierende können ihren Skalierungsplan präsentieren | D21: - Abschlusspräsentationen | E21: - Gruppenpräsentationen - Jury-Feedback | F21: - Abschlusspräsentation (12 Min.) | G21: Graded | H21: 0.7 | I21: Prof. Aeschbacher
A22: CW 51 On-Campus 4 | B22: 23.12.-25.12.
A24: Additional Written Exams, Group Presentations, Reports | B24: After last On-Campus

Sheet CAPI
A3: Detailed Module Concept - MSc Digital Business Administration
A4: CAPI - Capstone Innovation Project (6 ECTS)
A5: The detailed module concept serves as a comprehensive blueprint for structuring a module over the course of a semester. It defines the key learning goals, ensuring clear educational outcomes for students. It outlines the main content areas, providing a structured framework for effective knowledge delivery. Additionally, it specifies the responsibilities of lecturers, assigning which lecturer is responsible for delivering content in each learning cycle or on-campus session. The concept also includes the assignment structure, detailing assessments and learning activities for each phase of the module. This ensures consistency and alignment with course objectives.
A10: Explanation: | C10: Please describe the key learning goals in each LC and On-Campus session | D10: Please write a short summary of the main content in each LC and On-Campus session in bullet points | E10: Which didactic methods and teaching tools are used in each LC and On-Campus session? | F10: Please describe the assignment (if applicable) in bullet points | G10: Please choose assignment type from the drop-down menu | H10: Please select the grading percentage from the drop-down menu | I10: Please specify the lecturer responsible for each LC and On-Campus session
A12: Structural Elements | B12: Dates | C12: Learning Goals | D12: Main Content (bullet points) | E12: Didactics & Tools | F12: Description Assignment (bullet points) | G12: Assignment Type (drop down) | H12: Grading Percentage (drop down) | I12: Lecturer | J12: Comments
A13: CW 40 On-Campus 1 | B13: 07.10.-09.10. | C13: - Studierende verstehen die Aufgabenstellung des Praxispartners | D13: - Kick-off mit Praxispartner | E13: - Briefing - Q&A | I13: Prof. Egger
A14: CW 39-40 Learning Cycle 1 | B14: 27.09.-10.10. | D14: - Teambildung für Praxisprojekte | E14: - Workshop | I14: Prof. Egger
A15: CW 41-42 Learning Cycle 2 | B15: 11.10.-24.10. | C15: - Studierende können die Problemstellung strukturiert eingrenzen | D15: - Problem-Framing | E15: - Coaching | F15: - Problem-Statement (1 Seite) | G15: Pass/Fail | H15: 0 | I15: Prof. Egger
A16: CW 43 On-Campus 2 | B16: 28.10.-30.10.
A17: CW 44-45 Learning Cycle 3 | B17: 01.11.-14.11. | C17: - Studierende können erste Lösungsansätze mit dem Praxispartner validieren | D17: - Zwischenfeedback mit Praxispartner | E17: - Feedback-Session | I17: Prof. Egger
A18: CW 46-47 Learning Cycle 4 | B18: 15.11.-28.11. | C18: - Studierende können ihre Lösung weiterentwickeln | D18: - Vertiefung Lösungsansatz | E18: - Projektarbeit - Coaching | I18: Prof. Egger
A19: CW 48 On-Campus 3 | B19: 02.12.-04.12.
A20: CW 49-50 Learning Cycle 5 | B20: 06.12.-19.12. | C20: - Studierende können eine umsetzbare Lösung ausarbeiten | D20: - Finalisierung Lösungskonzept | E20: - Projektarbeit | F20: - Lösungskonzept-Bericht (max. 10 Seiten) | G20: Graded | H20: 0.4 | I20: Prof. Egger
A21: CW 50-51 Learning Cycle 6 | B21: 13.12.-26.12. | C21: - Studierende können ihre Lösung vor dem Praxispartner vertreten | D21: - Abschlusspräsentation beim Praxispartner | E21: - Präsentation - Jury-Feedback | F21: - Abschlusspräsentation (15 Min.) | G21: Graded | H21: 0.6 | I21: Prof. Egger
A22: CW 51 On-Campus 4 | B22: 23.12.-25.12.
A24: Additional Written Exams, Group Presentations, Reports | B24: After last On-Campus

Sheet Module Coordination
A2: Module Coordination
A3: Overview of Main Content per Learning Cycle across all modules of the semester - used to spot unintended overlaps and coordinate workload.
A5: Structural Elements | B5: Dates | C5: INC - Innovation Culture & Change | D5: SUS - Sustainable Innovation & Ethics | E5: SCA - Scaling Innovations | F5: CAPI - Capstone Innovation Project
A6: CW 40 On-Campus 1 | B6: 07.10.-09.10. | C6: =INC!D13 -> - Führungsstile im Überblick | D6: =SUS!D13 -> - Bias, Fairness, Transparenz, Verantwortlichkeit | E6: =SCA!D13 -> - Skalierungsbarrieren - Organisationsdesign für Wachstum | F6: =CAPI!D13 -> - Kick-off mit Praxispartner
A7: CW 39-40 Learning Cycle 1 | B7: 27.09.-10.10. | C7: =INC!D14 -> - Kennenlernen - Erwartungsmanagement | D7: =SUS!D14 -> - Diskussion eines aktuellen Ethik-Falls | E7: =SCA!D14 -> - Fallbeispiel gescheiterte Skalierung | F7: =CAPI!D14 -> - Teambildung für Praxisprojekte
A8: CW 41-42 Learning Cycle 2 | B8: 11.10.-24.10. | C8: =INC!D15 -> - Psychologische Sicherheit nach Edmondson | D8: =SUS!D15 -> - Compliance-Checkliste anwenden | E8: =SCA!D15 -> - Skalierungsstrategien im Überblick | F8: =CAPI!D15 -> - Problem-Framing
A9: CW 43 On-Campus 2 | B9: 28.10.-30.10. | C9: =INC!D16 -> 0 | D9: =SUS!D16 -> 0 | E9: =SCA!D16 -> - Zwischenpräsentationen | F9: =CAPI!D16 -> 0
A10: CW 44-45 Learning Cycle 3 | B10: 01.11.-14.11. | C10: =INC!D17 -> - Feedbackmodelle - Rollenspiele | D10: =SUS!D17 -> - EU AI Act im Überblick - Risikoklassen | E10: =SCA!D17 -> - Wachstumsfinanzierung - Serie-A/B-Finanzierungsrunden | F10: =CAPI!D17 -> - Zwischenfeedback mit Praxispartner
A11: CW 46-47 Learning Cycle 4 | B11: 15.11.-28.11. | C11: =INC!D18 -> 0 | D11: =SUS!D18 -> 0 | E11: =SCA!D18 -> - Prozess- und Systemskalierung | F11: =CAPI!D18 -> - Vertiefung Lösungsansatz
A12: CW 48 On-Campus 3 | B12: 02.12.-04.12. | C12: =INC!D19 -> - Fehlerkultur - Experimentierfreude | D12: =SUS!D19 -> - Anwendung Assessment-Raster auf ein Fallbeispiel | E12: =SCA!D19 -> - Internationalisierung als Skalierungshebel | F12: =CAPI!D19 -> 0
A13: CW 49-50 Learning Cycle 5 | B13: 06.12.-19.12. | C13: =INC!D20 -> 0 | D13: =SUS!D20 -> 0 | E13: =SCA!D20 -> - Finalisierung Skalierungsplan | F13: =CAPI!D20 -> - Finalisierung Lösungskonzept
A14: CW 50-51 Learning Cycle 6 | B14: 13.12.-26.12. | C14: =INC!D21 -> - Finalisierung Kulturwandel-Konzept | D14: =SUS!D21 -> - Finalisierung Assessment-Bericht | E14: =SCA!D21 -> - Abschlusspräsentationen | F14: =CAPI!D21 -> - Abschlusspräsentation beim Praxispartner
A15: CW 51 On-Campus 4 | B15: 23.12.-25.12. | C15: =INC!D22 -> - Abschlussdiskussion in Kleingruppen | D15: =SUS!D22 -> - Abschlussdiskussion und Ausblick | E15: =SCA!D22 -> 0 | F15: =CAPI!D22 -> 0
A17: Total ECTS this semester | C17: =SUM(C18:F18) -> 18
C18: 3 | D18: 3 | E18: 6 | F18: 6

Sheet Parameters
A1: Assignment Percentage | C1: Assignment Type
A2: 0 | C2: Graded
A3: 0.05 | C3: Pass/Fail
A4: 0.1 | C4: Non-graded
A5: 0.15
A6: 0.2
A7: 0.25
A8: 0.3
A9: 0.35
A10: 0.4
A11: 0.45
A12: 0.5
A13: 0.55
A14: 0.6
A15: 0.65
A16: 0.7
... A22: 1
