Workbook

Sheet ETH
A3: Detailed Module Concept - MSc Digital Business Administration
A4: ETH - Business Ethics & Governance (3 ECTS)
A5: The detailed module concept serves as a comprehensive blueprint for structuring a module over the course of a semester. It defines the key learning goals, ensuring clear educational outcomes for students. It outlines the main content areas, providing a structured framework for effective knowledge delivery. Additionally, it specifies the responsibilities of lecturers, assigning which lecturer is responsible for delivering content in each learning cycle or on-campus session. The concept also includes the assignment structure, detailing assessments and learning activities for each phase of the module. This ensures consistency and alignment with course objectives.
A10: Explanation: | C10: Please describe the key learning goals in each LC and On-Campus session | D10: Please write a short summary of the main content in each LC and On-Campus session in bullet points | E10: Which didactic methods and teaching tools are used in each LC and On-Campus session? | F10: Please describe the assignment (if applicable) in bullet points | G10: Please choose assignment type from the drop-down menu | H10: Please select the grading percentage from the drop-down menu | I10: Please specify the lecturer responsible for each LC and On-Campus session
A12: Structural Elements | B12: Dates | C12: Learning Goals | D12: Main Content (bullet points) | E12: Didactics & Tools | F12: Description Assignment (bullet points) | G12: Assignment Type (drop down) | H12: Grading Percentage (drop down) | I12: Lecturer | J12: Comments
A13: CW 40 On-Campus 1 | B13: 07.10.-09.10. | C13: - Studierende kennen zentrale Regulierungsfelder unternehmerischen Handelns | D13: - Datenschutz, Compliance, Corporate Governance im Überblick | E13: - Vorlesung | I13: Prof. Chapuis
A14: CW 39-40 Learning Cycle 1 | B14: 27.09.-10.10. | D14: - Diskussion aktueller Governance-Fälle | E14: - Plenumsdiskussion | I14: Prof. Chapuis
A15: CW 41-42 Learning Cycle 2 | B15: 11.10.-24.10. | C15: - Studierende können Compliance-Risiken eines Unternehmens einschätzen | D15: - Compliance-Checkliste anwenden | E15: - Fallstudie | F15: - Compliance-Kurzcheck für ein Fallbeispiel | G15: Pass/Fail | H15: 0 | I15: Prof. Chapuis
A16: CW 43 On-Campus 2 | B16: 28.10.-30.10.
A17: CW 44-45 Learning Cycle 3 | B17: 01.11.-14.11. | C17: - Studierende kennen Grundzüge der Schweizer Datenschutzgesetzgebung (revDSG) | D17: - revDSG im Überblick - Bezug zu DSGVO | E17: - Lesetext | I17: Prof. Chapuis
A18: CW 46-47 Learning Cycle 4 | B18: 15.11.-28.11.
A19: CW 48 On-Campus 3 | B19: 02.12.-04.12. | C19: - Studierende können ein Governance-Konzept skizzieren | D19: - Elemente eines Governance-Konzepts | E19: - Gruppenarbeit | I19: Prof. Chapuis
A20: CW 49-50 Learning Cycle 5 | B20: 06.12.-19.12.
A21: CW 50-51 Learning Cycle 6 | B21: 13.12.-26.12. | C21: - Studierende können ein Governance-Kurzpapier verfassen | D21: - Finalisierung Governance-Kurzpapier | E21: - Selbststudium | F21: - Governance-Kurzpapier (max. 4 Seiten) | G21: Graded | H21: 1 | I21: Prof. Chapuis
A22: CW 51 On-Campus 4 | B22: 23.12.-25.12. | D22: - Abschlussdiskussion | E22: - Plenumsdiskussion | I22: Prof. Chapuis
A24: Additional Written Exams, Group Presentations, Reports | B24: After last On-Campus

Sheet INT
A3: Detailed Module Concept - MSc Digital Business Administration
A4: INT - International Business (6 ECTS)
A5: The detailed module concept serves as a comprehensive blueprint for structuring a module over the course of a semester. It defines the key learning goals, ensuring clear educational outcomes for students. It outlines the main content areas, providing a structured framework for effective knowledge delivery. Additionally, it specifies the responsibilities of lecturers, assigning which lecturer is responsible for delivering content in each learning cycle or on-campus session. The concept also includes the assignment structure, detailing assessments and learning activities for each phase of the module. This ensures consistency and alignment with course objectives.
A10: Explanation: | C10: Please describe the key learning goals in each LC and On-Campus session | D10: Please write a short summary of the main content in each LC and On-Campus session in bullet points | E10: Which didactic methods and teaching tools are used in each LC and On-Campus session? | F10: Please describe the assignment (if applicable) in bullet points | G10: Please choose assignment type from the drop-down menu | H10: Please select the grading percentage from the drop-down menu | I10: Please specify the lecturer responsible for each LC and On-Campus session
A12: Structural Elements | B12: Dates | C12: Learning Goals | D12: Main Content (bullet points) | E12: Didactics & Tools | F12: Description Assignment (bullet points) | G12: Assignment Type (drop down) | H12: Grading Percentage (drop down) | I12: Lecturer | J12: Comments
A13: CW 40 On-Campus 1 | B13: 07.10.-09.10. | C13: - Studierende kennen Grundlagen internationaler Markteintrittsstrategien | D13: - Export, Lizenzierung, Joint Venture, Tochtergesellschaft | E13: - Vorlesung | I13: Prof. Dubois
A14: CW 39-40 Learning Cycle 1 | B14: 27.09.-10.10. | D14: - Fallbeispiel Markteintritt | E14: - Diskussion | I14: Prof. Dubois
A15: CW 41-42 Learning Cycle 2 | B15: 11.10.-24.10. | C15: - Studierende können kulturelle Unterschiede im internationalen Geschäft einordnen | D15: - Kulturdimensionen nach Hofstede | E15: - Fallstudie | F15: - Kulturanalyse für einen Zielmarkt | G15: Pass/Fail | H15: 0 | I15: Prof. Dubois
A16: CW 43 On-Campus 2 | B16: 28.10.-30.10. | D16: - Zwischenpräsentationen | E16: - Kurzpräsentationen | I16: Prof. Dubois
A17: CW 44-45 Learning Cycle 3 | B17: 01.11.-14.11. | C17: - Studierende kennen Grundzüge des internationalen Handelsrechts | D17: - Zölle, Handelsabkommen | E17: - Lesetext | I17: Prof. Dubois
A18: CW 46-47 Learning Cycle 4 | B18: 15.11.-28.11. | C18: - Studierende können eine Markteintrittsstrategie entwerfen | D18: - Strategieentwicklung für einen Zielmarkt | E18: - Projektarbeit | I18: Prof. Dubois
A19: CW 48 On-Campus 3 | B19: 02.12.-04.12. | C19: - Studierende können Risiken eines internationalen Markteintritts einschätzen | D19: - Politische und wirtschaftliche Risikoanalyse | E19: - Gruppenarbeit | I19: Prof. Dubois
A20: CW 49-50 Learning Cycle 5 | B20: 06.12.-19.12. | C20: - Studierende können ihre Markteintrittsstrategie konsolidieren | D20: - Finalisierung Markteintritts-Strategiepapier | E20: - Selbststudium | F20: - Markteintritts-Strategiepapier (max. 10 Seiten) | G20: Graded | H20: 0.3 | I20: Prof. Dubois
A21: CW 50-51 Learning Cycle 6 | B21: 13.12.-26.12. | C21: - Studierende können ihre Strategie vor einem Fachpublikum vertreten | D21: - Abschlusspräsentationen | E21: - Gruppenpräsentationen - Jury-Feedback | F21: - Abschlusspräsentation (12 Min.) | G21: Graded | H21: 0.7 | I21: Prof. Dubois
A22: CW 51 On-Campus 4 | B22: 23.12.-25.12.
A24: Additional Written Exams, Group Presentations, Reports | B24: After last On-Campus

Sheet CAPX
A3: Detailed Module Concept - MSc Digital Business Administration
A4: CAPX - Capstone Consulting Project (6 ECTS)
A5: The detailed module concept serves as a comprehensive blueprint for structuring a module over the course of a semester. It defines the key learning goals, ensuring clear educational outcomes for students. It outlines the main content areas, providing a structured framework for effective knowledge delivery. Additionally, it specifies the responsibilities of lecturers, assigning which lecturer is responsible for delivering content in each learning cycle or on-campus session. The concept also includes the assignment structure, detailing assessments and learning activities for each phase of the module. This ensures consistency and alignment with course objectives.
A10: Explanation: | C10: Please describe the key learning goals in each LC and On-Campus session | D10: Please write a short summary of the main content in each LC and On-Campus session in bullet points | E10: Which didactic methods and teaching tools are used in each LC and On-Campus session? | F10: Please describe the assignment (if applicable) in bullet points | G10: Please choose assignment type from the drop-down menu | H10: Please select the grading percentage from the drop-down menu | I10: Please specify the lecturer responsible for each LC and On-Campus session
A12: Structural Elements | B12: Dates | C12: Learning Goals | D12: Main Content (bullet points) | E12: Didactics & Tools | F12: Description Assignment (bullet points) | G12: Assignment Type (drop down) | H12: Grading Percentage (drop down) | I12: Lecturer | J12: Comments
A13: CW 40 On-Campus 1 | B13: 07.10.-09.10. | C13: - Studierende verstehen die Aufgabenstellung des Praxispartners | D13: - Kick-off mit Praxispartner | E13: - Briefing - Q&A | I13: Prof. Aeschbacher
A14: CW 39-40 Learning Cycle 1 | B14: 27.09.-10.10. | D14: - Teambildung für Praxisprojekte | E14: - Workshop | I14: Prof. Aeschbacher
A15: CW 41-42 Learning Cycle 2 | B15: 11.10.-24.10. | C15: - Studierende können die Problemstellung strukturiert eingrenzen | D15: - Problem-Framing | E15: - Coaching | F15: - Problem-Statement (1 Seite) | G15: Pass/Fail | H15: 0 | I15: Prof. Aeschbacher
A16: CW 43 On-Campus 2 | B16: 28.10.-30.10.
A17: CW 44-45 Learning Cycle 3 | B17: 01.11.-14.11. | C17: - Studierende können erste Lösungsansätze mit dem Praxispartner validieren | D17: - Zwischenfeedback mit Praxispartner | E17: - Feedback-Session | I17: Prof. Aeschbacher
A18: CW 46-47 Learning Cycle 4 | B18: 15.11.-28.11. | C18: - Studierende können ihre Lösung weiterentwickeln | D18: - Vertiefung Lösungsansatz | E18: - Projektarbeit - Coaching | I18: Prof. Aeschbacher
A19: CW 48 On-Campus 3 | B19: 02.12.-04.12.
A20: CW 49-50 Learning Cycle 5 | B20: 06.12.-19.12. | C20: - Studierende können eine umsetzbare Lösung ausarbeiten | D20: - Finalisierung Lösungskonzept | E20: - Projektarbeit | F20: - Lösungskonzept-Bericht (max. 10 Seiten) | G20: Graded | H20: 0.4 | I20: Prof. Aeschbacher
A21: CW 50-51 Learning Cycle 6 | B21: 13.12.-26.12. | C21: - Studierende können ihre Lösung vor dem Praxispartner vertreten | D21: - Abschlusspräsentation beim Praxispartner | E21: - Präsentation - Jury-Feedback | F21: - Abschlusspräsentation (15 Min.) | G21: Graded | H21: 0.6 | I21: Prof. Aeschbacher
A22: CW 51 On-Campus 4 | B22: 23.12.-25.12.
A24: Additional Written Exams, Group Presentations, Reports | B24: After last On-Campus

Sheet LDR
A3: Detailed Module Concept - MSc Digital Business Administration
A4: LDR - Leadership in Practice (3 ECTS)
A5: The detailed module concept serves as a comprehensive blueprint for structuring a module over the course of a semester. It defines the key learning goals, ensuring clear educational outcomes for students. It outlines the main content areas, providing a structured framework for effective knowledge delivery. Additionally, it specifies the responsibilities of lecturers, assigning which lecturer is responsible for delivering content in each learning cycle or on-campus session. The concept also includes the assignment structure, detailing assessments and learning activities for each phase of the module. This ensures consistency and alignment with course objectives.
A10: Explanation: | C10: Please describe the key learning goals in each LC and On-Campus session | D10: Please write a short summary of the main content in each LC and On-Campus session in bullet points | E10: Which didactic methods and teaching tools are used in each LC and On-Campus session? | F10: Please describe the assignment (if applicable) in bullet points | G10: Please choose assignment type from the drop-down menu | H10: Please select the grading percentage from the drop-down menu | I10: Please specify the lecturer responsible for each LC and On-Campus session
A12: Structural Elements | B12: Dates | C12: Learning Goals | D12: Main Content (bullet points) | E12: Didactics & Tools | F12: Description Assignment (bullet points) | G12: Assignment Type (drop down) | H12: Grading Percentage (drop down) | I12: Lecturer | J12: Comments
A13: CW 40 On-Campus 1 | B13: 07.10.-09.10. | C13: - Studierende kennen Grundmodelle situativer Führung | D13: - Führungsstile im Überblick | E13: - Vorlesung | I13: Prof. Egger
A14: CW 39-40 Learning Cycle 1 | B14: 27.09.-10.10. | D14: - Kennenlernen - Erwartungsmanagement | E14: - Gruppenübung | I14: Prof. Egger
A15: CW 41-42 Learning Cycle 2 | B15: 11.10.-24.10. | C15: - Studierende können Führung in verteilten Teams reflektieren | D15: - Remote Leadership - Vertrauen auf Distanz | E15: - Fallstudie | F15: - Reflexionstext zu einer eigenen Führungserfahrung | G15: Pass/Fail | H15: 0 | I15: Prof. Egger
A16: CW 43 On-Campus 2 | B16: 28.10.-30.10.
A17: CW 44-45 Learning Cycle 3 | B17: 01.11.-14.11. | C17: - Studierende kennen Grundlagen psychologischer Sicherheit | D17: - Psychologische Sicherheit nach Edmondson | E17: - Lesetext - Diskussion | I17: Prof. Egger
A18: CW 46-47 Learning Cycle 4 | B18: 15.11.-28.11.
A19: CW 48 On-Campus 3 | B19: 02.12.-04.12. | C19: - Studierende können Feedbackgespräche strukturiert führen | D19: - Feedbackmodelle - Rollenspiele | E19: - Rollenspiel in Kleingruppen | I19: Prof. Egger
A20: CW 49-50 Learning Cycle 5 | B20: 06.12.-19.12.
A21: CW 50-51 Learning Cycle 6 | B21: 13.12.-26.12. | C21: - Studierende können ihren eigenen Führungsstil einordnen | D21: - Selbstreflexion Führungsstil | E21: - Selbsttest - Reflexionsbogen | F21: - Persönliches Führungsleitbild (max. 2 Seiten) | G21: Graded | H21: 1 | I21: Prof. Egger
A22: CW 51 On-Campus 4 | B22: 23.12.-25.12. | D22: - Abschlussdiskussion in Kleingruppen | E22: - Gruppendiskussion | I22: Prof. Egger
A24: Additional Written Exams, Group Presentations, Reports | B24: After last On-Campus

Sheet Module Coordination
A2: Module Coordination
A3: Overview of Main Content per Learning Cycle across all modules of the semester - used to spot unintended overlaps and coordinate workload.
A5: Structural Elements | B5: Dates | C5: ETH - Business Ethics & Governance | D5: INT - International Business | E5: CAPX - Capstone Consulting Project | F5: LDR - Leadership in Practice
A6: CW 40 On-Campus 1 | B6: 07.10.-09.10. | C6: =ETH!D13 -> - Datenschutz, Compliance, Corporate Governance im Überblick | D6: =INT!D13 -> - Export, Lizenzierung, Joint Venture, Tochtergesellschaft | E6: =CAPX!D13 -> - Kick-off mit Praxispartner | F6: =LDR!D13 -> - Führungsstile im Überblick
A7: CW 39-40 Learning Cycle 1 | B7: 27.09.-10.10. | C7: =ETH!D14 -> - Diskussion aktueller Governance-Fälle | D7: =INT!D14 -> - Fallbeispiel Markteintritt | E7: =CAPX!D14 -> - Teambildung für Praxisprojekte | F7: =LDR!D14 -> - Kennenlernen - Erwartungsmanagement
A8: CW 41-42 Learning Cycle 2 | B8: 11.10.-24.10. | C8: =ETH!D15 -> - Compliance-Checkliste anwenden | D8: =INT!D15 -> - Kulturdimensionen nach Hofstede | E8: =CAPX!D15 -> - Problem-Framing | F8: =LDR!D15 -> - Remote Leadership - Vertrauen auf Distanz
A9: CW 43 On-Campus 2 | B9: 28.10.-30.10. | C9: =ETH!D16 -> 0 | D9: =INT!D16 -> - Zwischenpräsentationen | E9: =CAPX!D16 -> 0 | F9: =LDR!D16 -> 0
A10: CW 44-45 Learning Cycle 3 | B10: 01.11.-14.11. | C10: =ETH!D17 -> - revDSG im Überblick - Bezug zu DSGVO | D10: =INT!D17 -> - Zölle, Handelsabkommen | E10: =CAPX!D17 -> - Zwischenfeedback mit Praxispartner | F10: =LDR!D17 -> - Psychologische Sicherheit nach Edmondson
A11: CW 46-47 Learning Cycle 4 | B11: 15.11.-28.11. | C11: =ETH!D18 -> 0 | D11: =INT!D18 -> - Strategieentwicklung für einen Zielmarkt | E11: =CAPX!D18 -> - Vertiefung Lösungsansatz | F11: =LDR!D18 -> 0
A12: CW 48 On-Campus 3 | B12: 02.12.-04.12. | C12: =ETH!D19 -> - Elemente eines Governance-Konzepts | D12: =INT!D19 -> - Politische und wirtschaftliche Risikoanalyse | E12: =CAPX!D19 -> 0 | F12: =LDR!D19 -> - Feedbackmodelle - Rollenspiele
A13: CW 49-50 Learning Cycle 5 | B13: 06.12.-19.12. | C13: =ETH!D20 -> 0 | D13: =INT!D20 -> - Finalisierung Markteintritts-Strategiepapier | E13: =CAPX!D20 -> - Finalisierung Lösungskonzept | F13: =LDR!D20 -> 0
A14: CW 50-51 Learning Cycle 6 | B14: 13.12.-26.12. | C14: =ETH!D21 -> - Finalisierung Governance-Kurzpapier | D14: =INT!D21 -> - Abschlusspräsentationen | E14: =CAPX!D21 -> - Abschlusspräsentation beim Praxispartner | F14: =LDR!D21 -> - Selbstreflexion Führungsstil
A15: CW 51 On-Campus 4 | B15: 23.12.-25.12. | C15: =ETH!D22 -> - Abschlussdiskussion | D15: =INT!D22 -> 0 | E15: =CAPX!D22 -> 0 | F15: =LDR!D22 -> - Abschlussdiskussion in Kleingruppen
A17: Total ECTS this semester | C17: =SUM(C18:F18) -> 18
C18: 3 | D18: 6 | E18: 6 | F18: 3

Sheet Parameters
A1: Assignment Percentage | C1: Assignment Type
A2: 0 | C2: Graded
A3: 0.05 | C3: Pass/Fail
A4: 0.1 | C4: Non-graded
A5: 0.15
A6: 0.2
A7: 0.25
A8: 0.3
A9: 0.35
A10: 0.4
A11: 0.45
A12: 0.5
A13: 0.55
A14: 0.6
A15: 0.65
A16: 0.7
... A22: 1
